"시도별","시점",과채류:면적 (ha),과채류:생산량 (톤),수박:면적 (ha),수박:생산량 (톤),노지수박:면적 (ha),노지수박:10a당 생산량 (kg),노지수박:생산량 (톤),시설수박:면적 (ha),시설수박:10a당 생산량 (kg),시설수박:생산량 (톤),참외:면적 (ha),참외:생산량 (톤),노지참외:면적 (ha),노지참외:10a당 생산량 (kg),노지참외:생산량 (톤),시설참외:면적 (ha),시설참외:10a당 생산량 (kg),시설참외:생산량 (톤),딸기:면적 (ha),딸기:생산량 (톤),노지딸기:면적 (ha),노지딸기:10a당 생산량 (kg),노지딸기:생산량 (톤),시설딸기:면적 (ha),시설딸기:10a당 생산량 (kg),시설딸기:생산량 (톤),오이:면적 (ha),오이:생산량 (톤),노지오이:면적 (ha),노지오이:10a당 생산량 (kg),노지오이:생산량 (톤),시설오이:면적 (ha),시설오이:10a당 생산량 (kg),시설오이:생산량 (톤),호박:면적 (ha),호박:생산량 (톤),노지호박:면적 (ha),노지호박:10a당 생산량 (kg),노지호박:생산량 (톤),시설호박:면적 (ha),시설호박:10a당 생산량 (kg),시설호박:생산량 (톤),토마토:면적 (ha),토마토:생산량 (톤),노지토마토:면적 (ha),노지토마토:10a당 생산량 (kg),노지토마토:생산량 (톤),시설토마토:면적 (ha),시설토마토:10a당 생산량 (kg),시설토마토:생산량 (톤)
"계","2003",58283,2214824,23508,783263,5764,2529,145765,17744,3593,637498,7731,239360,372,2002,7448,7359,3151,231912,7503,205427,331,1396,4622,7172,2800,200805,6648,445033,1297,3848,49910,5351,7384,395123,8791,271823,5308,2560,135888,3483,3903,135935,4102,269918,131,4425,5797,3971,6651,264121
"계","2004",57673,2375692,21654,823672,4245,3093,131293,17409,3977,692379,7329,243098,367,2078,7628,6962,3382,235470,7329,202500,271,1288,3491,7058,2820,199009,6026,407464,1279,4225,54038,4747,7445,353426,9452,304337,5950,2613,155447,3502,4252,148890,5883,394621,259,4499,11653,5624,6810,382968
"계","2005",59154,2488043,23179,904895,4055,3144,127474,19124,4065,777421,7077,199785,422,2109,8900,6655,2868,190885,6969,201995,260,1435,3732,6709,2955,198263,5853,403280,1356,4200,56948,4497,7701,346332,9327,339097,5743,3103,178234,3584,4488,160863,6749,438991,256,4599,11773,6493,6580,427218
"계","2006",56314,2348150,20553,778374,3718,2764,102764,16835,4013,675610,6827,219712,275,2083,5729,6552,3266,213983,6813,205307,333,1508,5022,6480,3091,200285,5841,389555,1244,4300,53497,4597,7310,336058,9667,322047,6672,2699,180110,2995,4739,141937,6613,433155,275,4205,11563,6338,6652,421592
"계","2007",54786,2290639,19028,741880,3271,2767,90498,15757,4134,651382,6472,205416,212,2091,4433,6260,3211,200983,6665,203227,309,1415,4372,6356,3129,198855,4893,330225,1094,4329,47359,3799,7446,282866,10375,330040,7524,2582,194258,2851,4763,135782,7353,479851,223,4282,9549,7130,6596,470302
"계","2008",55004,2389029,20756,856755,3516,2807,98697,17240,4397,758058,6607,220385,199,2172,4322,6408,3372,216063,6394,192296,288,1420,4089,6106,3082,188207,5630,383921,1262,4366,55102,4368,7528,328819,9473,327502,6528,2670,174285,2945,5203,153217,6144,408170,136,3858,5247,6008,6706,402923
"계","2009",54676,2355474,20707,846921,3497,2965,103689,17210,4319,743232,6730,227832,128,2384,3052,6602,3405,224780,6324,203772,219,1590,3482,6105,3281,200290,4932,352018,931,4485,41756,4001,7755,310262,9795,341163,6338,2554,161875,3457,5186,179288,6188,383768,237,3241,7680,5951,6320,376088
"계","2010",48296,2052198,16396,678810,2293,2866,65725,14103,4347,613085,6215,207747,118,2242,2645,6097,3364,205102,7049,231803,208,1493,3105,6841,3343,228698,4396,306164,807,4064,32798,3589,7617,273366,8970,302868,5724,2529,144783,3246,4870,158085,5270,324806,0,0,0,5270,6163,324806
"계","2011",46595,1932947,15717,608986,2722,2937,79951,12995,4071,529035,5852,180013,133,2100,2793,5719,3099,177220,5816,171519,135,1686,2276,5681,2979,169243,4540,303805,1062,3889,41305,3478,7547,262500,8820,300400,5830,2665,155368,2990,4851,145032,5850,368224,0,0,0,5850,6294,368224
"계","2012",48418,2067741,15182,642945,2446,3101,75858,12736,4453,567087,5840,186693,219,2090,4578,5621,3240,182115,6435,192140,145,2167,3142,6290,3005,188998,4167,288071,966,4134,39937,3201,7752,248134,10450,325113,7582,2515,190725,2868,4686,134388,6344,432779,0,0,0,6344,6822,432779
"계","2013",46432,2032903,14885,672914,2586,3747,96893,12299,4683,576021,5515,176622,135,1870,2525,5380,3236,174097,6890,216803,101,2203,2225,6789,3161,214578,3629,254576,793,4314,34209,2836,7770,220367,9459,323364,6805,2868,195144,2654,4831,128220,6054,388624,0,0,0,6054,6419,388624
"계","2014",50097,2179553,16865,686883,2855,3453,98592,14010,4199,588291,5485,158239,127,2238,2842,5358,2900,155397,6875,209901,50,2014,1007,6825,3061,208894,4143,279105,862,3800,32753,3281,7508,246352,9659,345465,6504,2946,191636,3155,4876,153829,7070,499960,0,0,0,7070,7072,499960
"계","2015",48784,2082403,15185,634352,2613,3435,89747,12572,4332,544605,5438,161100,133,1934,2572,5305,2988,158528,6403,194513,97,1791,1737,6306,3057,192776,4137,271040,799,3858,30828,3338,7196,240212,10645,364416,7249,2784,201840,3396,4787,162576,6976,456982,0,0,0,6976,6551,456982
"계","2016",44661,1940733,13440,570160,2273,3783,85994,11167,4336,484166,5064,157086,192,1697,3258,4872,3157,153828,5978,191218,134,1899,2545,5844,3228,188673,4781,333760,875,3803,33274,3906,7693,300486,9007,298206,6150,2470,151933,2857,5120,146273,6391,390303,0,0,0,6391,6107,390303
"계","2017",41943,1890612,12661,506471,2726,3402,92736,9935,4164,413735,3581,166281,127,1805,2298,3454,4748,163983,5907,208699,124,1995,2473,5783,3566,206226,4918,341364,1113,4033,44888,3805,7792,296476,9095,312690,6177,2566,158508,2919,5283,154182,5782,355107,0,0,0,5782,6142,355107
"계","2018",42078,1880890,11814,476634,2367,3234,76543,9447,4235,400091,3614,130528,145,2138,3104,3469,3674,127424,6062,183639,93,1885,1745,5969,3047,181894,5323,391214,1160,4212,48849,4164,8222,342365,9206,310218,6299,2731,172052,2907,4753,138166,6058,388657,0,0,0,6058,6415,388657
"계","2019",42623,1928430,11972,475815,2648,3190,84469,9325,4197,391346,3648,150234,159,2007,3194,3488,4215,147040,6462,234225,41,2283,934,6421,3633,233291,4962,366065,999,4129,41250,3963,8196,324815,9874,343511,6814,2609,177795,3060,5416,165716,5706,358580,0,0,0,5706,6284,358580
"계","2020",40667,1784019,11580,466529,2623,3141,82398,8957,4288,384131,3596,148875,186,2071,3856,3409,4254,145019,5683,163646,49,2280,1126,5634,2885,162520,4721,335596,1069,4081,43638,3652,7995,291958,9565,325325,6781,2565,173951,2784,5437,151374,5521,344048,0,0,0,5521,6231,344048
"계","2021",40858,1761337,11748,489029,2228,3476,77456,9520,4323,411573,4653,198598,212,1990,4214,4441,4377,194384,6103,177480,46,1970,909,6057,2915,176571,4121,283933,1113,3997,44501,3008,7960,239432,8222,242914,6550,2394,156820,1671,5151,86094,6010,369383,0,0,0,6010,6146,369383
"계","2022",40390,1770302,11762,487167,2377,3489,82950,9385,4307,404217,4686,200495,212,2644,5599,4475,4356,194896,5745,158807,53,1932,1023,5692,2772,157784,3836,281926,773,4119,31846,3063,8165,250080,8249,263099,6245,2535,158311,2004,5228,104788,6111,378808,0,0,0,6111,6199,378808
"서울특별시","2003",60,2992,0,0,0,0,0,0,0,0,0,0,0,0,0,0,0,0,0,0,0,0,0,0,0,0,27,1910,2,4000,80,25,7320,1830,27,770,15,2130,320,12,3750,450,6,312,2,3500,70,4,6050,242
"서울특별시","2004",80,3366,0,0,0,0,0,0,0,0,0,0,0,0,0,0,0,0,15,176,15,1175,176,0,0,0,22,1630,1,2826,28,21,7627,1602,36,1210,17,2326,395,19,4288,815,7,350,2,3500,70,5,5600,280
"서울특별시","2005",94,4310,3,53,3,1774,53,0,0,0,3,64,3,2119,64,0,0,0,15,170,15,1135,170,0,0,0,18,1241,2,2000,40,16,7508,1201,47,2310,16,2488,398,31,6167,1912,8,472,2,2750,55,6,6950,417
"서울특별시","2006",65,3752,0,0,0,0,0,0,0,0,1,22,1,2173,22,0,0,0,0,0,0,0,0,0,0,0,25,1682,1,2000,20,24,6925,1662,37,1910,12,3345,401,25,6034,1509,2,138,0,0,0,2,6900,138
"서울특별시","2007",91,4197,0,0,0,0,0,0,0,0,1,21,1,2149,21,0,0,0,0,0,0,0,0,0,0,0,27,1818,1,2217,22,26,6909,1796,61,2351,34,2217,754,27,5914,1597,2,7,2,350,7,0,0,0
"서울특별시","2008",31,1419,0,0,0,0,0,0,0,0,1,27,1,2687,27,0,0,0,0,0,0,0,0,0,0,0,11,671,2,2500,50,9,6900,621,15,556,9,2300,207,6,5812,349,4,165,3,4331,130,1,3546,35
"서울특별시","2009",55,3475,0,0,0,0,0,0,0,0,0,0,0,0,0,0,0,0,0,0,0,0,0,0,0,0,29,2032,2,2758,55,27,7323,1977,25,1404,4,2467,99,21,6215,1305,1,39,1,3900,39,0,0,0
"서울특별시","2010",27,1093,0,0,0,0,0,0,0,0,0,0,0,0,0,0,0,0,0,0,0,0,0,0,0,0,9,414,1,3155,32,8,4781,382,17,647,2,2435,49,15,3988,598,1,32,0,0,0,1,3216,32
"서울특별시","2011",43,1709,0,0,0,0,0,0,0,0,1,28,1,2826,28,0,0,0,0,0,0,0,0,0,0,0,27,1178,2,2988,60,25,4470,1118,11,365,5,2361,118,6,4123,247,4,138,0,0,0,4,3461,138
"서울특별시","2012",45,2760,0,0,0,0,0,0,0,0,2,48,2,2421,48,0,0,0,0,0,0,0,0,0,0,0,20,1332,1,3456,35,19,6826,1297,19,1106,3,1912,57,16,6556,1049,4,274,0,0,0,4,6850,274
"서울특별시","2013",15,818,0,0,0,0,0,0,0,0,2,47,1,2416,24,1,2292,23,0,0,0,0,0,0,0,0,2,137,0,0,0,2,6826,137,9,497,2,1912,38,7,6556,459,2,137,0,0,0,2,6850,137
"서울특별시","2014",11,711,0,0,0,0,0,0,0,0,1,24,1,2402,24,0,0,0,0,0,0,0,0,0,0,0,5,341,0,0,0,5,6826,341,4,277,1,2330,23,3,8468,254,1,69,0,0,0,1,6850,69
"서울특별시","2015",28,1794,0,0,0,0,0,0,0,0,0,0,0,0,0,0,0,0,0,0,0,0,0,0,0,0,17,1160,0,0,0,17,6826,1160,5,223,0,0,0,5,4462,223,6,411,0,0,0,6,6850,411
"서울특별시","2016",8,306,0,0,0,0,0,0,0,0,0,0,0,0,0,0,0,0,0,0,0,0,0,0,0,0,0,0,0,0,0,0,0,0,4,156,3,3180,95,1,6071,61,4,150,0,0,0,4,3758,150
"서울특별시","2017",9,272,0,4,0,2434,1,0,5063,3,0,12,0,2355,8,0,2515,4,0,2,0,2119,2,0,0,0,1,51,1,3062,23,0,5850,28,5,169,4,3033,132,1,4900,37,2,34,0,0,0,2,1433,34
"서울특별시","2018",9,235,0,2,0,4050,1,0,2951,1,0,2,0,1966,1,0,2474,1,0,0,0,0,0,0,0,0,2,91,0,3866,11,1,5844,80,4,122,3,3156,92,1,4906,30,4,18,0,0,0,4,450,18
"서울특별시","2019",9,226,0,2,0,4930,2,0,0,0,0,2,0,2342,2,0,0,0,0,0,0,0,0,0,0,0,2,92,0,3015,15,1,5844,77,3,112,3,3511,97,0,4906,15,4,18,0,0,0,4,450,18
"서울특별시","2020",10,303,0,1,0,5035,1,0,3699,0,0,2,0,2252,2,0,2456,0,0,0,0,2066,0,0,0,0,3,173,0,3013,11,3,5844,162,3,111,3,3510,101,0,4906,10,4,16,0,0,0,4,450,16
"서울특별시","2021",18,290,0,8,0,5035,8,0,3705,0,0,3,0,2252,3,0,0,0,1,17,0,2066,3,0,2826,14,3,126,1,3028,36,2,5844,90,2,80,2,3520,61,0,4906,19,13,56,0,0,0,13,450,56
"서울특별시","2022",24,781,0,6,0,3901,5,0,2235,1,1,18,1,2252,18,0,2446,0,0,3,0,2066,3,0,0,0,11,592,1,3302,41,9,5844,551,3,120,3,3517,99,0,4906,21,9,42,0,0,0,9,450,42
"부산광역시","2003",463,29350,2,67,0,0,0,2,3364,67,1,33,0,0,0,1,3281,33,0,0,0,0,0,0,0,0,96,6504,0,0,0,96,6775,6504,72,4053,20,3950,790,52,6275,3263,292,18693,8,7563,605,284,6369,18088
"부산광역시","2004",508,31712,3,81,0,0,0,3,2709,81,0,0,0,0,0,0,0,0,0,0,0,0,0,0,0,0,61,3392,4,5012,200,57,5600,3192,68,3526,45,4667,2100,23,6200,1426,376,24713,7,7657,536,369,6552,24177
"부산광역시","2005",490,30599,0,0,0,0,0,0,0,0,0,0,0,0,0,0,0,0,0,0,0,0,0,0,0,0,81,5431,3,5012,150,78,6770,5281,41,1526,38,3520,1338,3,6272,188,368,23642,4,7650,306,364,6411,23336
"부산광역시","2006",337,21228,0,0,0,0,0,0,0,0,0,0,0,0,0,0,0,0,0,0,0,0,0,0,0,0,19,1261,2,5790,116,17,6738,1145,40,1916,21,3688,774,19,6012,1142,278,18051,2,5700,114,276,6499,17937
"부산광역시","2007",324,20510,1,25,1,2500,25,0,0,0,1,22,1,2247,22,0,0,0,0,0,0,0,0,0,0,0,5,336,0,0,0,5,6718,336,26,1080,20,3598,720,6,5999,360,291,19047,1,4300,43,290,6553,19004
"부산광역시","2008",237,14932,0,0,0,0,0,0,0,0,0,0,0,0,0,0,0,0,0,0,0,0,0,0,0,0,6,395,1,5582,56,5,6775,339,33,1426,23,3591,826,10,6000,600,198,13111,6,4183,251,192,6698,12860
"부산광역시","2009",380,23776,0,0,0,0,0,0,0,0,1,17,1,1740,17,0,0,0,11,330,0,0,0,11,3000,330,25,1653,1,4500,45,24,6700,1608,44,2276,14,3400,476,30,6000,1800,299,19500,3,6000,180,296,6527,19320
"부산광역시","2010",256,8616,0,0,0,0,0,0,0,0,1,23,0,0,0,1,2334,23,0,0,0,0,0,0,0,0,12,373,0,0,0,12,3111,373,22,640,2,3666,73,20,2835,567,221,7580,0,0,0,221,3430,7580
"부산광역시","2011",368,23408,0,0,0,0,0,0,0,0,0,0,0,0,0,0,0,0,0,0,0,0,0,0,0,0,19,1311,0,0,0,19,6901,1311,35,1360,32,3690,1181,3,5960,179,314,20737,0,0,0,314,6604,20737
"부산광역시","2012",352,22189,0,0,0,0,0,0,0,0,0,0,0,0,0,0,0,0,4,132,0,0,0,4,3299,132,15,1076,0,0,0,15,7170,1076,28,1092,28,3900,1092,0,0,0,305,19889,0,0,0,305,6521,19889
"부산광역시","2013",419,24572,0,0,0,0,0,0,0,0,0,0,0,0,0,0,0,0,0,0,0,0,0,0,0,0,7,448,0,0,0,7,6394,448,57,2068,50,3357,1679,7,5559,389,355,22056,0,0,0,355,6213,22056
"부산광역시","2014",454,30961,0,0,0,0,0,0,0,0,0,0,0,0,0,0,0,0,0,0,0,0,0,0,0,0,1,32,1,3157,32,0,0,0,30,985,30,3284,985,0,0,0,423,29944,0,0,0,423,7079,29944
"부산광역시","2015",450,31176,0,0,0,0,0,0,0,0,0,0,0,0,0,0,0,0,0,0,0,0,0,0,0,0,1,76,0,0,0,1,7585,76,39,1691,22,3284,722,17,5700,969,410,29409,0,0,0,410,7173,29409
"부산광역시","2016",452,26245,0,0,0,0,0,0,0,0,0,0,0,0,0,0,0,0,0,0,0,0,0,0,0,0,3,101,3,3358,101,0,0,0,41,1586,31,3288,1019,10,5668,567,408,24558,0,0,0,408,6019,24558
"부산광역시","2017",367,21162,4,126,2,2924,44,2,3775,82,0,11,0,2286,11,0,0,0,0,1,0,2980,1,0,0,0,2,95,2,5863,95,0,0,0,46,1733,37,3288,1215,9,5749,518,316,19196,0,0,0,316,6081,19196
"부산광역시","2018",430,27781,3,88,2,2670,47,1,3251,41,0,4,0,915,4,0,0,0,0,8,0,3240,8,0,0,0,7,488,1,5864,84,6,7111,404,56,1945,51,3284,1660,5,5666,285,363,25248,0,0,0,363,6952,25248
"부산광역시","2019",382,21360,9,315,2,2939,46,7,3747,269,1,8,1,1500,8,0,0,0,0,5,0,3684,5,0,0,0,5,308,2,5864,107,3,6878,201,68,2007,57,2373,1346,11,6127,661,301,18717,0,0,0,301,6226,18717
"부산광역시","2020",462,26768,3,113,2,3007,67,1,3733,46,1,17,1,1423,14,0,1422,3,1,42,0,3670,18,1,2759,24,4,283,1,5864,73,3,7326,210,42,1450,39,3284,1268,3,5758,182,410,24863,0,0,0,410,6058,24863
"부산광역시","2021",564,33273,4,120,3,3007,96,1,3763,24,1,17,1,1477,16,0,1422,1,1,27,1,3780,27,0,0,0,15,1035,5,5805,278,10,7298,757,29,972,28,3284,926,1,5758,46,514,31102,0,0,0,514,6050,31102
"부산광역시","2022",613,36283,4,110,3,2949,103,0,3811,7,1,16,1,1183,15,0,1381,1,0,17,0,3800,13,0,2599,4,15,996,4,5805,252,10,7097,744,30,1047,26,3284,867,3,5758,180,563,34097,0,0,0,563,6054,34097
"대구광역시","2003",556,24762,311,10170,0,0,0,311,3270,10170,43,1226,0,0,0,43,2850,1226,3,90,0,0,0,3,3000,90,27,2811,0,0,0,27,10410,2811,53,1995,22,2110,464,31,4940,1531,119,8470,2,6450,129,117,7129,8341
"대구광역시","2004",549,24130,230,6916,0,0,0,230,3007,6916,93,2585,1,3321,33,92,2774,2552,0,0,0,0,0,0,0,0,34,3932,1,4147,41,33,11790,3891,76,2254,38,2265,861,38,3665,1393,116,8443,1,6300,63,115,7287,8380
"대구광역시","2005",607,27379,259,7796,0,0,0,259,3010,7796,111,3153,3,3482,104,108,2823,3049,1,14,1,1391,14,0,0,0,36,4178,2,4320,86,34,12034,4092,55,1661,27,2189,591,28,3820,1070,145,10577,3,5833,175,142,7325,10402
"대구광역시","2006",849,44521,241,9854,0,0,0,241,4089,9854,286,8574,0,0,0,286,2998,8574,0,0,0,0,0,0,0,0,48,4891,1,4165,42,47,10318,4849,74,2884,35,3121,1092,39,4594,1792,200,18318,2,3800,76,198,9213,18242
"대구광역시","2007",941,46100,289,11797,0,0,0,289,4082,11797,311,9061,1,3064,31,310,2913,9030,0,0,0,0,0,0,0,0,37,2414,0,0,0,37,6523,2414,79,2769,58,3080,1786,21,4681,983,225,20059,3,4467,134,222,8975,19925
"대구광역시","2008",846,38480,169,6959,0,0,0,169,4118,6959,428,12399,0,0,0,428,2897,12399,0,0,0,0,0,0,0,0,82,7389,3,4241,127,79,9192,7262,66,1959,56,2632,1474,10,4848,485,101,9774,2,4750,95,99,9777,9679
"대구광역시","2009",871,38816,157,6463,1,3323,33,156,4122,6430,498,14420,1,2739,27,497,2896,14393,0,0,0,0,0,0,0,0,75,6730,5,4423,221,70,9299,6509,40,1275,27,2416,652,13,4791,623,101,9928,1,4400,44,100,9884,9884
"대구광역시","2010",678,25074,103,3517,0,0,0,103,3415,3517,419,11983,0,0,0,419,2860,11983,0,0,0,0,0,0,0,0,13,1151,3,4174,125,10,10263,1026,65,1983,47,2595,1220,18,4240,763,78,6440,0,0,0,78,8256,6440
"대구광역시","2011",561,22123,93,3338,0,0,0,93,3589,3338,338,9934,5,2605,130,333,2944,9804,0,0,0,0,0,0,0,0,12,1316,0,0,0,12,10969,1316,50,1514,34,2359,802,16,4452,712,68,6021,0,0,0,68,8854,6021
"대구광역시","2012",676,28938,117,4223,0,0,0,117,3609,4223,381,11807,0,0,0,381,3099,11807,0,0,0,0,0,0,0,0,36,3811,2,4029,81,34,10971,3730,47,1128,44,2259,994,3,4452,134,95,7969,0,0,0,95,8388,7969
"대구광역시","2013",634,29613,89,3339,0,0,0,89,3752,3339,323,10384,0,0,0,323,3215,10384,0,0,0,0,0,0,0,0,63,6242,0,0,0,63,9908,6242,61,1715,45,2317,1043,16,4200,672,98,7933,0,0,0,98,8095,7933
"대구광역시","2014",704,24841,154,5686,0,0,0,154,3692,5686,328,10535,0,0,0,328,3212,10535,0,0,0,0,0,0,0,0,112,5294,0,0,0,112,4727,5294,39,1350,30,1839,552,9,8870,798,71,1976,0,0,0,71,2783,1976
"대구광역시","2015",573,18788,80,3002,0,0,0,80,3753,3002,316,10169,0,0,0,316,3218,10169,3,110,0,0,0,3,3677,110,57,2682,0,0,0,57,4706,2682,39,696,38,1594,606,1,8977,90,78,2129,0,0,0,78,2730,2129
"대구광역시","2016",692,33386,108,5418,0,0,0,108,5017,5418,286,9367,0,0,0,286,3275,9367,5,177,1,3376,34,4,3584,143,46,3116,0,0,0,46,6774,3116,44,1794,28,1780,498,16,8103,1296,203,13514,0,0,0,203,6657,13514
"대구광역시","2017",690,29885,294,11607,0,3446,10,294,3949,11597,136,4471,0,2286,2,136,3284,4469,1,40,0,2980,3,1,3188,37,27,2040,0,0,0,27,7628,2040,35,1526,21,1890,393,14,8103,1133,197,10201,0,0,0,197,5174,10201
"대구광역시","2018",615,33006,199,10104,0,0,0,199,5073,10104,177,7129,0,0,0,177,4034,7129,0,0,0,0,0,0,0,0,29,1729,0,0,0,29,5947,1729,43,2672,18,1706,309,25,9431,2363,167,11372,0,0,0,167,6800,11372
"대구광역시","2019",617,31475,210,10892,0,0,0,210,5187,10892,184,7437,0,0,0,184,4046,7437,2,62,0,0,0,2,3403,62,11,809,0,3252,16,11,7402,793,24,1723,8,2023,154,16,9575,1569,186,10552,0,0,0,186,5682,10552
"대구광역시","2020",555,27423,187,9697,0,2734,1,187,5191,9696,175,7051,1,1423,14,174,4039,7037,0,0,0,0,0,0,0,0,12,853,1,3327,19,11,7402,834,30,1393,20,2033,407,10,9575,986,150,8429,0,0,0,150,5608,8429
"대구광역시","2021",386,20337,183,9495,1,3160,19,183,5191,9476,69,2767,0,1428,2,68,4039,2765,5,165,1,1122,6,5,3403,159,69,5000,2,3327,65,67,7402,4935,29,1120,21,2033,435,7,9575,685,32,1790,0,0,0,32,5589,1790
"대구광역시","2022",386,19832,185,9612,0,2976,9,185,5191,9603,87,3529,0,1183,1,87,4039,3528,7,222,0,1122,0,7,3403,222,42,3069,1,3327,32,41,7402,3037,22,991,15,2033,299,7,9575,692,43,2409,0,0,0,43,5577,2409
"인천광역시","2003",463,22190,30,899,6,1992,120,24,3247,779,34,681,24,2004,481,10,2000,200,8,100,8,1246,100,0,0,0,270,16436,12,6010,721,258,6091,15715,73,1868,69,2449,1690,4,4453,178,48,2206,11,3209,353,37,5008,1853
"인천광역시","2004",431,19377,5,83,5,1658,83,0,0,0,19,332,17,1763,300,2,1600,32,13,204,13,1567,204,0,0,0,199,11656,10,5408,541,189,5881,11115,92,2257,77,2052,1580,15,4513,677,103,4845,14,2821,395,89,5000,4450
"인천광역시","2005",412,16226,23,416,4,1846,74,19,1800,342,25,383,19,1794,341,6,700,42,10,189,10,1890,189,0,0,0,171,8580,10,4193,419,161,5069,8161,78,2558,62,3300,2046,16,3200,512,105,4100,15,1920,288,90,4236,3812
"인천광역시","2006",245,8395,4,79,4,1984,79,0,0,0,17,272,12,1809,217,5,1100,55,5,91,5,1811,91,0,0,0,47,2125,17,3947,671,30,4847,1454,101,3317,100,3284,3284,1,3267,33,71,2511,23,2583,594,48,3994,1917
"인천광역시","2007",190,6821,5,147,2,2076,42,3,3493,105,20,336,17,1783,303,3,1100,33,8,106,4,1761,70,4,900,36,39,1783,16,3698,592,23,5178,1191,53,1536,52,2886,1501,1,3533,35,65,2913,15,2500,375,50,5076,2538
"인천광역시","2008",205,7725,11,356,2,2035,41,9,3500,315,21,418,16,1814,290,5,2550,128,19,428,12,1757,211,7,3100,217,62,3282,21,3635,763,41,6144,2519,55,1861,50,3391,1696,5,3292,165,37,1380,14,2479,347,23,4491,1033
"인천광역시","2009",258,9546,22,783,2,2083,42,20,3703,741,13,246,13,1891,246,0,0,0,37,694,33,1742,575,4,2970,119,47,2280,26,3719,967,21,6250,1313,53,1767,49,3300,1617,4,3753,150,86,3776,20,2415,483,66,4989,3293
"인천광역시","2010",197,7674,10,312,2,1865,37,8,3435,275,9,169,8,1794,144,1,2500,25,29,400,26,1260,328,3,2400,72,50,2606,17,3432,583,33,6131,2023,42,1397,42,3327,1397,0,0,0,57,2790,0,0,0,57,4894,2790
"인천광역시","2011",176,7296,8,271,0,0,0,8,3393,271,20,351,17,1596,271,3,2670,80,11,254,11,2308,254,0,0,0,43,2191,20,3685,737,23,6321,1454,32,1011,32,3159,1011,0,0,0,62,3218,0,0,0,62,5191,3218
"인천광역시","2012",203,11633,9,334,1,2592,26,8,3847,308,11,241,7,2100,147,4,2361,94,9,105,9,1166,105,0,0,0,67,4989,14,4129,578,53,8323,4411,32,831,29,2536,735,3,3214,96,75,5133,0,0,0,75,6844,5133
"인천광역시","2013",244,9450,33,1262,0,0,0,33,3824,1262,7,70,7,1000,70,0,0,0,19,239,17,1160,197,2,2095,42,37,1954,7,3251,228,30,5752,1726,37,795,36,2119,763,1,3236,32,111,5130,0,0,0,111,4622,5130
"인천광역시","2014",205,8070,9,324,1,2834,28,8,3695,296,1,24,1,2402,24,0,0,0,1,24,0,0,0,1,2428,24,38,1926,11,2954,325,27,5930,1601,36,848,30,2170,651,6,3289,197,120,4924,0,0,0,120,4103,4924
"인천광역시","2015",264,13036,10,312,1,1768,18,9,3267,294,11,266,11,2421,266,0,0,0,1,24,0,0,0,1,2428,24,55,2549,16,2930,469,39,5334,2080,56,1683,54,2996,1618,2,3244,65,131,8202,0,0,0,131,6261,8202
"인천광역시","2016",207,9506,19,667,2,2685,54,17,3604,613,9,214,8,2364,189,1,2466,25,26,659,0,0,0,26,2533,659,71,3347,11,2491,274,60,5122,3073,20,640,19,3200,608,1,3185,32,62,3979,0,0,0,62,6418,3979
"인천광역시","2017",248,11364,17,577,3,2434,80,14,3643,497,12,289,8,2355,185,4,2515,104,48,1253,1,2119,21,47,2600,1232,75,4053,8,3062,249,67,5682,3804,41,1305,39,3200,1238,2,3173,67,55,3887,0,0,0,55,7023,3887
"인천광역시","2018",283,11817,5,186,4,4050,142,1,3698,44,10,200,9,1966,184,1,2474,16,31,792,1,2100,12,31,2527,780,100,4470,38,3866,1451,62,4861,3019,84,2678,81,3200,2607,2,3149,71,54,3491,0,0,0,54,6515,3491
"인천광역시","2019",310,14453,18,736,5,4930,268,12,3755,468,21,497,18,2342,429,3,2485,68,24,601,5,2066,97,19,2602,504,89,4556,17,3015,517,72,5587,4039,79,2515,77,3200,2455,2,3172,60,79,5548,0,0,0,79,7021,5548
"인천광역시","2020",289,13607,20,830,7,5035,371,12,3755,459,16,370,13,2252,301,3,2456,69,26,659,2,2066,42,24,2601,617,83,4245,13,3013,394,70,5540,3851,71,2267,70,3200,2237,1,3172,30,74,5236,0,0,0,74,7033,5236
"인천광역시","2021",218,10147,27,1138,9,5035,474,18,3755,664,15,351,12,2252,277,3,2456,74,3,62,3,2066,53,0,2599,9,44,2091,15,3028,439,30,5532,1652,66,2055,64,3130,2005,2,3163,50,63,4450,0,0,0,63,7045,4450
"인천광역시","2022",189,9208,15,575,6,3901,231,9,3755,344,13,304,12,2252,259,2,2446,45,5,115,2,2066,34,3,2599,81,49,2386,16,3302,516,34,5538,1870,43,1376,42,3170,1342,1,3167,34,63,4452,0,0,0,63,7034,4452
"광주광역시","2003",1217,48991,500,16256,266,2610,6943,234,3980,9313,12,385,0,0,0,12,3210,385,73,1978,0,0,0,73,2710,1978,81,5548,1,2800,28,80,6900,5520,336,11513,17,2980,507,319,3450,11006,215,13311,0,0,0,215,6191,13311
"광주광역시","2004",1168,56034,318,10042,154,2707,4169,164,3581,5873,10,300,1,2000,20,9,3112,280,48,1371,0,0,0,48,2857,1371,130,10171,5,4150,208,125,7970,9963,292,6385,45,3349,1507,247,1975,4878,370,27765,0,0,0,370,7504,27765
"광주광역시","2005",1002,48939,385,12736,121,2726,3298,264,3575,9438,12,361,1,1900,19,11,3105,342,35,1049,0,0,0,35,2998,1049,87,6622,4,4425,177,83,7765,6445,215,8765,23,2806,645,192,4229,8120,268,19406,0,0,0,268,7241,19406
"광주광역시","2006",858,43075,269,8347,114,2640,3010,155,3443,5337,4,133,0,0,0,4,3329,133,32,853,5,1280,64,27,2923,789,49,3743,3,4857,146,46,7820,3597,215,9077,23,3153,725,192,4350,8352,289,20922,6,6600,396,283,7253,20526
"광주광역시","2007",925,48003,236,6844,46,2377,1093,190,3027,5751,5,126,2,1929,39,3,2900,87,45,1417,0,0,0,45,3148,1417,89,7446,0,0,0,89,8366,7446,243,9443,37,2911,1077,206,4061,8366,307,22727,0,0,0,307,7403,22727
"광주광역시","2008",760,39257,209,7921,49,2679,1313,160,4130,6608,1,19,1,1889,19,0,0,0,25,781,0,0,0,25,3124,781,88,6549,0,0,0,88,7442,6549,235,10508,29,2614,758,206,4733,9750,202,13479,0,0,0,202,6673,13479
"광주광역시","2009",771,40141,199,5514,61,1793,1094,138,3203,4420,0,0,0,0,0,0,0,0,35,1006,0,0,0,35,2875,1006,80,6669,0,0,0,80,8336,6669,261,13536,12,2513,302,249,5315,13234,196,13416,0,0,0,196,6845,13416
"광주광역시","2010",652,30744,132,3816,39,1673,652,93,3402,3164,0,0,0,0,0,0,0,0,51,1501,0,0,0,51,2943,1501,50,3937,0,0,0,50,7873,3937,292,13253,12,2670,320,280,4619,12933,127,8237,0,0,0,127,6486,8237
"광주광역시","2011",543,25181,101,2932,22,2099,462,79,3126,2470,0,0,0,0,0,0,0,0,47,1213,1,2450,25,46,2583,1188,40,2664,0,0,0,40,6659,2664,185,8192,1,2558,26,184,4438,8166,170,10180,0,0,0,170,5988,10180
"광주광역시","2012",553,24585,81,2137,61,2481,1513,20,3121,624,0,0,0,0,0,0,0,0,46,1256,0,0,0,46,2731,1256,49,2706,0,0,0,49,5522,2706,136,5482,8,2046,164,128,4155,5318,241,13004,0,0,0,241,5396,13004
"광주광역시","2013",606,17931,57,2322,11,2791,307,46,4380,2015,0,0,0,0,0,0,0,0,147,4312,0,0,0,147,2933,4312,31,1542,0,0,0,31,4975,1542,111,4142,3,1331,40,108,3798,4102,260,5613,0,0,0,260,2159,5613
"광주광역시","2014",489,20183,50,1048,19,1504,286,31,2459,762,0,0,0,0,0,0,0,0,114,3387,0,0,0,114,2971,3387,39,2519,0,0,0,39,6459,2519,70,2265,15,2615,392,55,3406,1873,216,10964,0,0,0,216,5076,10964
"광주광역시","2015",501,22233,33,620,21,1510,317,12,2524,303,0,0,0,0,0,0,0,0,80,2377,0,0,0,80,2971,2377,31,1992,0,0,0,31,6427,1992,75,2493,9,2571,231,66,3427,2262,282,14751,0,0,0,282,5231,14751
"광주광역시","2016",368,17267,113,2156,71,1377,978,42,2804,1178,0,0,0,0,0,0,0,0,29,1262,0,0,0,29,4350,1262,4,264,0,0,0,4,6599,264,86,3203,30,2559,768,56,4348,2435,136,10382,0,0,0,136,7634,10382
"광주광역시","2017",383,18789,98,1863,68,1507,1028,30,2791,835,3,42,3,1650,42,0,0,0,67,2901,0,2867,6,67,4338,2895,7,435,0,5656,4,7,6588,431,82,3797,19,2562,478,63,5277,3319,127,9751,0,0,0,127,7679,9751
"광주광역시","2018",306,17047,83,1519,56,1510,849,27,2523,670,3,74,3,2808,74,0,0,0,49,1809,0,0,0,49,3720,1809,3,239,1,8161,50,3,6622,189,46,1653,15,2571,374,31,4121,1279,123,11753,0,0,0,123,9538,11753
"광주광역시","2019",305,14939,80,1549,53,1508,806,26,2843,743,1,18,1,1500,14,0,3231,4,72,2662,0,3343,2,72,3679,2660,18,1189,1,6088,35,18,6588,1154,39,1799,10,2561,249,29,5287,1550,95,7722,0,0,0,95,8130,7722
"광주광역시","2020",254,11823,55,845,53,1508,799,2,2705,46,3,42,3,1183,41,0,2977,1,64,2180,0,1803,0,64,3392,2180,21,1364,1,6088,73,20,6391,1291,20,763,10,2442,237,10,5112,526,90,6629,0,0,0,90,7329,6629
"광주광역시","2021",341,15760,89,1580,70,1508,1056,19,2711,524,1,12,1,1477,12,0,0,0,18,620,0,1804,0,18,3388,620,16,1044,1,6088,45,16,6390,999,75,2253,60,2442,1468,15,5114,785,140,10251,0,0,0,140,7298,10251
"광주광역시","2022",338,17378,58,1167,37,1508,555,21,2873,612,0,8,0,1477,5,0,2977,3,30,1007,0,1804,1,30,3388,1006,14,911,1,6046,53,14,6303,858,61,2579,21,2415,505,40,5181,2074,175,11706,0,0,0,175,6705,11706
"대전광역시","2003",259,11815,31,1171,3,2825,85,28,3880,1086,4,96,1,2500,25,3,2382,71,53,1570,0,0,0,53,2963,1570,79,4666,1,2951,30,78,5944,4636,53,1318,45,2485,1118,8,2496,200,39,2994,0,0,0,39,7677,2994
"대전광역시","2004",199,8935,25,876,2,3119,62,23,3540,814,0,0,0,0,0,0,0,0,41,1018,2,1478,30,39,2533,988,63,4460,0,0,0,63,7080,4460,49,1362,42,2792,1173,7,2696,189,21,1219,0,0,0,21,5805,1219
"대전광역시","2005",249,12160,7,243,0,0,0,7,3471,243,0,0,0,0,0,0,0,0,34,886,1,1421,14,33,2642,872,81,5338,3,2670,80,78,6741,5258,54,1339,37,2425,897,17,2600,442,73,4354,0,0,0,73,5964,4354
"대전광역시","2006",195,10290,0,0,0,0,0,0,0,0,0,0,0,0,0,0,0,0,2,53,0,0,0,2,2629,53,103,6961,1,2933,29,102,6796,6932,46,1120,28,2510,703,18,2316,417,44,2156,13,2500,325,31,5906,1831
"대전광역시","2007",205,11523,0,0,0,0,0,0,0,0,0,0,0,0,0,0,0,0,2,52,0,0,0,2,2601,52,112,7581,1,3152,32,111,6801,7549,39,974,37,2506,927,2,2353,47,52,2916,5,2660,133,47,5921,2783
"대전광역시","2008",248,13708,0,0,0,0,0,0,0,0,0,0,0,0,0,0,0,0,0,0,0,0,0,0,0,0,170,11348,3,3068,92,167,6740,11256,50,1249,49,2494,1222,1,2692,27,28,1111,15,2453,368,13,5715,743
"대전광역시","2009",181,10077,3,103,0,0,0,3,3419,103,0,0,0,0,0,0,0,0,0,0,0,0,0,0,0,0,123,8327,0,0,0,123,6770,8327,23,632,22,2694,593,1,3883,39,32,1015,27,2733,738,5,5540,277
"대전광역시","2010",166,6828,1,47,0,0,0,1,4735,47,1,34,0,0,0,1,3413,34,1,26,1,2632,26,0,0,0,113,5156,0,0,0,113,4563,5156,35,807,35,2306,807,0,0,0,15,758,0,0,0,15,5051,758
"대전광역시","2011",163,7210,0,0,0,0,0,0,0,0,0,0,0,0,0,0,0,0,0,0,0,0,0,0,0,0,135,6008,0,0,0,135,4450,6008,8,238,5,2499,125,3,3750,113,20,964,0,0,0,20,4820,964
"대전광역시","2012",137,6194,3,107,3,3568,107,0,0,0,0,0,0,0,0,0,0,0,0,0,0,0,0,0,0,0,116,5370,0,0,0,116,4629,5370,6,147,6,2450,147,0,0,0,12,570,0,0,0,12,4747,570
"대전광역시","2013",190,8839,0,0,0,0,0,0,0,0,0,0,0,0,0,0,0,0,0,0,0,0,0,0,0,0,118,5358,0,0,0,118,4541,5358,7,221,7,3155,221,0,0,0,65,3260,0,0,0,65,5016,3260
"대전광역시","2014",218,7999,0,0,0,0,0,0,0,0,0,0,0,0,0,0,0,0,30,544,0,0,0,30,1813,544,126,4711,8,3500,280,118,3755,4431,28,933,16,2982,477,12,3800,456,34,1811,0,0,0,34,5325,1811
"대전광역시","2015",174,7033,0,0,0,0,0,0,0,0,1,27,0,0,0,1,2723,27,10,181,0,0,0,10,1813,181,141,5987,0,0,0,141,4246,5987,12,362,12,3015,362,0,0,0,10,476,0,0,0,10,4761,476
"대전광역시","2016",107,4369,0,0,0,0,0,0,0,0,0,0,0,0,0,0,0,0,0,0,0,0,0,0,0,0,43,1725,1,5313,53,42,3980,1672,19,578,18,3008,541,1,3650,37,45,2066,0,0,0,45,4592,2066
"대전광역시","2017",77,3236,0,0,0,0,0,0,0,0,0,4,0,1286,4,0,0,0,4,63,0,2185,2,4,1403,61,35,1532,1,4633,48,34,4338,1484,9,333,3,3000,85,7,3750,248,27,1304,0,0,0,27,4770,1304
"대전광역시","2018",65,2661,4,174,0,3424,5,4,3992,169,1,19,0,2808,2,1,2399,17,0,0,0,0,0,0,0,0,33,1358,0,4915,6,32,4161,1352,7,230,3,3000,89,4,3684,141,21,880,0,0,0,21,4207,880
"대전광역시","2019",98,4097,0,9,0,4975,9,0,0,0,0,5,0,3005,5,0,0,0,0,5,0,6951,3,0,1404,2,37,1621,1,4676,51,36,4351,1570,24,765,19,3000,567,5,3684,198,36,1692,0,0,0,36,4711,1692
"대전광역시","2020",113,4553,0,17,0,5200,17,0,0,0,0,13,0,3133,12,0,2756,1,0,0,0,0,0,0,0,0,44,1916,1,4709,25,44,4335,1891,39,1210,32,3000,967,7,3684,243,30,1397,0,0,0,30,4706,1397
"대전광역시","2021",140,5135,1,60,1,6223,48,0,5303,12,1,14,1,1515,11,0,2756,3,15,220,1,1732,12,15,1413,208,55,2390,2,4696,78,54,4308,2312,41,1241,41,2980,1214,1,3729,27,26,1210,0,0,0,26,4611,1210
"대전광역시","2022",136,5467,2,109,1,5748,53,1,5347,56,2,34,1,3908,30,2,218,4,10,212,0,1625,4,10,2132,208,51,2255,3,4694,140,48,4417,2115,39,1157,37,2984,1118,1,3729,39,32,1700,0,0,0,32,5295,1700
"울산광역시","2003",171,4960,15,386,13,2464,320,2,3300,66,1,34,1,3407,34,0,0,0,84,1518,45,1107,498,39,2616,1020,6,356,5,5777,289,1,6651,67,37,997,37,2695,997,0,0,0,28,1669,13,5638,733,15,6240,936
"울산광역시","2004",157,4768,2,53,2,2667,53,0,0,0,1,33,1,3333,33,0,0,0,75,1490,33,1143,377,42,2650,1113,7,348,4,3708,148,3,6650,200,44,1179,44,2680,1179,0,0,0,28,1665,14,5643,790,14,6250,875
"울산광역시","2005",183,7492,3,79,3,2636,79,0,0,0,2,52,1,3000,30,1,2193,22,54,1199,17,1333,227,37,2628,972,22,1289,4,3629,145,18,6356,1144,39,1080,39,2768,1080,0,0,0,63,3793,10,5840,584,53,6055,3209
"울산광역시","2006",112,4852,1,27,1,2667,27,0,0,0,1,30,1,3000,30,0,0,0,3,39,3,1313,39,0,0,0,9,437,4,3591,144,5,5860,293,52,1475,50,2768,1384,2,4556,91,46,2844,18,5689,1024,28,6500,1820
"울산광역시","2007",130,5118,0,0,0,0,0,0,0,0,0,0,0,0,0,0,0,0,3,50,2,1330,27,1,2333,23,12,443,11,3450,380,1,6250,63,58,1547,58,2667,1547,0,0,0,57,3078,5,5560,278,52,5385,2800
"울산광역시","2008",116,5676,10,380,2,2500,50,8,4123,330,2,39,2,1950,39,0,0,0,6,146,3,1875,56,3,3000,90,1,39,1,3900,39,0,0,0,38,891,37,2300,851,1,4000,40,59,4181,7,3557,249,52,7562,3932
"울산광역시","2009",130,4967,10,390,1,2685,27,9,4032,363,0,0,0,0,0,0,0,0,5,50,5,1000,50,0,0,0,9,244,1,2000,20,8,2800,224,71,2183,54,2500,1350,17,4900,833,35,2100,8,5150,412,27,6252,1688
"울산광역시","2010",110,4392,0,0,0,0,0,0,0,0,2,48,2,2418,48,0,0,0,0,0,0,0,0,0,0,0,9,206,2,2000,40,7,2374,166,41,620,41,1511,620,0,0,0,58,3518,0,0,0,58,6066,3518
"울산광역시","2011",116,4646,3,129,3,4305,129,0,0,0,0,0,0,0,0,0,0,0,0,0,0,0,0,0,0,0,10,350,5,2356,118,5,4647,232,50,894,48,1685,809,2,4263,85,53,3273,0,0,0,53,6175,3273
"울산광역시","2012",92,5485,1,39,0,0,0,1,3878,39,0,0,0,0,0,0,0,0,0,0,0,0,0,0,0,0,7,302,1,2282,23,6,4648,279,37,777,34,1857,631,3,4857,146,47,4367,0,0,0,47,9291,4367
"울산광역시","2013",85,2826,0,0,0,0,0,0,0,0,1,24,1,2408,24,0,0,0,0,0,0,0,0,0,0,0,4,167,1,2769,28,3,4649,139,51,1034,48,1820,874,3,5332,160,29,1601,0,0,0,29,5520,1601
"울산광역시","2014",76,2286,1,35,1,3453,35,0,0,0,0,0,0,0,0,0,0,0,0,0,0,0,0,0,0,0,12,313,2,2317,46,10,2670,267,24,367,24,1531,367,0,0,0,39,1571,0,0,0,39,4029,1571
"울산광역시","2015",87,2756,1,39,1,3879,39,0,0,0,0,0,0,0,0,0,0,0,0,0,0,0,0,0,0,0,8,210,1,2319,23,7,2673,187,27,413,27,1530,413,0,0,0,51,2094,0,0,0,51,4105,2094
"울산광역시","2016",65,1450,1,41,0,0,0,1,4057,41,2,42,2,2100,42,0,0,0,13,271,0,0,0,13,2082,271,2,48,0,0,0,2,2377,48,35,550,34,1461,497,1,5277,53,12,498,0,0,0,12,4154,498
"울산광역시","2017",98,2252,1,38,1,2924,38,0,0,0,2,46,2,2100,43,0,1417,3,15,324,0,2980,10,15,2097,314,4,125,2,2253,43,2,3490,82,64,1097,64,1710,1092,0,4080,5,11,622,0,0,0,11,5623,622
"울산광역시","2018",121,2426,6,166,6,2670,163,0,3251,3,3,29,3,915,29,0,0,0,16,393,1,3240,41,15,2371,352,8,284,4,2362,92,4,4438,192,85,1437,85,1681,1436,0,3604,1,2,117,0,0,0,2,5150,117
"울산광역시","2019",118,2667,6,168,6,2939,168,0,0,0,4,35,4,915,35,0,0,0,18,410,1,3684,29,17,2238,381,8,301,3,2362,68,5,4484,233,77,1397,77,1803,1397,0,0,0,5,356,0,0,0,5,6470,356
"울산광역시","2020",106,2150,5,168,4,3007,124,1,3733,44,2,18,2,915,18,0,1422,0,22,471,2,3670,56,20,2074,415,4,83,4,2362,83,0,0,0,72,1304,72,1803,1304,0,0,0,2,106,0,0,0,2,6606,106
"울산광역시","2021",137,4126,8,254,8,3007,253,0,3763,1,5,76,4,1477,62,1,1422,14,2,63,2,3780,63,0,2150,0,13,393,9,2362,212,4,4575,181,79,1427,79,1814,1425,0,4082,2,30,1913,0,0,0,30,6360,1913
"울산광역시","2022",132,3923,13,394,13,2949,393,0,3811,1,4,49,4,1183,49,0,0,0,1,55,1,3800,55,0,0,0,15,470,10,2362,237,5,4575,233,72,1302,72,1814,1301,0,4082,1,26,1653,0,0,0,26,6363,1653
"세종특별자치시","2016",157,8216,66,3412,8,5538,443,58,5119,2969,1,27,0,0,0,1,2650,27,23,633,0,0,0,23,2754,633,31,2484,2,1850,37,29,8438,2447,8,176,8,2200,176,0,0,0,28,1484,0,0,0,28,5300,1484
"세종특별자치시","2017",241,10786,132,6401,2,5562,136,130,4823,6265,26,730,1,2000,22,25,2798,708,35,957,0,2185,1,35,2760,956,19,1571,1,1850,10,18,8522,1561,7,185,3,2200,61,5,2633,124,21,942,0,0,0,21,4474,942
"세종특별자치시","2018",166,9192,71,3741,2,5562,119,69,5238,3622,2,33,2,1515,32,0,2399,1,22,557,3,3764,97,19,2391,460,47,3916,0,1955,8,46,8430,3908,12,309,5,2217,107,7,2811,202,12,636,0,0,0,12,5221,636
"세종특별자치시","2019",223,10777,147,7212,16,5562,882,131,4823,6330,3,49,3,1515,49,0,0,0,20,463,0,0,0,20,2348,463,26,2100,2,1955,33,24,8561,2067,13,304,8,2217,187,4,2811,117,15,649,0,0,0,15,4409,649
"세종특별자치시","2020",181,8801,105,5181,13,5562,737,92,4822,4444,1,15,1,1515,8,0,2756,7,6,146,0,0,0,6,2439,146,26,2000,3,1955,59,23,8560,1941,21,480,17,2217,374,4,2811,106,22,979,0,0,0,22,4409,979
"세종특별자치시","2021",314,15277,92,4440,0,5562,22,91,4833,4418,1,10,0,1515,6,0,2756,4,28,694,0,1732,1,28,2439,693,121,7925,38,1955,737,84,8588,7188,43,964,43,2217,964,0,0,0,28,1244,0,0,0,28,4409,1244
"세종특별자치시","2022",303,17202,76,3658,1,5562,37,75,4835,3621,0,5,0,1515,5,0,218,0,40,983,0,1625,1,40,2456,982,113,9638,1,1955,14,112,8569,9624,17,376,16,2217,354,1,2811,22,57,2542,0,0,0,57,4461,2542
"경기도","2003",3423,102578,347,9873,200,2550,5100,147,3247,4773,310,6764,173,1965,3399,137,2456,3365,43,866,14,1167,163,29,2423,703,1116,39455,310,3656,11334,806,3489,28121,1401,37329,848,2443,20717,553,3004,16612,206,8291,45,4231,1904,161,3967,6387
"경기도","2004",3821,128272,328,9100,200,2548,5096,128,3128,4004,314,7405,166,2301,3820,148,2422,3585,69,1500,24,1175,282,45,2707,1218,1132,43273,294,3765,11069,838,3843,32204,1469,44069,859,2561,21999,610,3618,22070,509,22925,90,4484,4036,419,4508,18889
"경기도","2005",3881,146242,316,8122,162,1774,2874,154,3408,5248,293,6358,148,2119,3136,145,2222,3222,97,2406,24,1135,272,73,2923,2134,1049,51101,283,4258,12050,766,5098,39051,1424,43078,897,2480,22246,527,3953,20832,702,35177,96,4146,3980,606,5148,31197
"경기도","2006",3576,132577,207,6176,64,2266,1450,143,3305,4726,213,4547,86,2173,1869,127,2109,2678,116,2873,17,1204,205,99,2695,2668,1186,56953,217,4222,9162,969,4932,47791,1293,38021,905,2485,22489,388,4003,15532,561,24007,85,3452,2934,476,4427,21073
"경기도","2007",3448,121663,244,6822,83,2184,1813,161,3111,5009,212,4581,65,2149,1397,147,2166,3184,105,2753,5,1175,59,100,2694,2694,992,47259,232,4348,10087,760,4891,37172,1330,39848,971,2534,24605,359,4246,15243,565,20400,57,4321,2463,508,3531,17937
"경기도","2008",3545,128678,249,7358,120,2791,3349,129,3108,4009,174,4058,55,2687,1478,119,2168,2580,147,3818,13,1421,185,134,2711,3633,1194,55976,218,3775,8230,976,4892,47746,1184,35898,877,2602,22820,307,4260,13078,597,21570,51,4331,2209,546,3546,19361
"경기도","2009",3586,125429,210,4910,37,2044,756,173,2401,4154,165,4601,34,3040,1034,131,2723,3567,138,3171,0,0,0,138,2298,3171,1051,50363,151,3498,5282,900,5009,45081,1395,40737,978,2450,23961,417,4023,16776,627,21647,43,3974,1709,584,3414,19938
"경기도","2010",3173,107223,210,4559,56,1998,1119,154,2234,3440,109,3105,37,3085,1141,72,2728,1964,89,1903,14,1260,176,75,2302,1727,1095,48434,241,3155,7604,854,4781,40830,1117,31438,844,2435,20551,273,3988,10887,553,17784,0,0,0,553,3216,17784
"경기도","2011",3050,102410,245,5930,88,2156,1897,157,2569,4033,110,2996,38,2826,1074,72,2670,1922,109,2886,1,2308,23,108,2651,2863,974,40145,229,2988,6843,745,4470,33302,1046,30864,696,2361,16433,350,4123,14431,566,19589,0,0,0,566,3461,19589
"경기도","2012",3329,115603,155,5978,7,2888,202,148,3903,5776,159,4160,68,2421,1646,91,2763,2514,99,2141,0,0,0,99,2163,2141,893,40659,170,3456,5875,723,4811,34784,1411,37365,942,2206,20781,469,3536,16584,612,25300,0,0,0,612,4134,25300
"경기도","2013",2813,118246,140,5235,12,2834,340,128,3824,4895,86,1994,18,2416,435,68,2292,1559,169,3541,0,0,0,169,2095,3541,801,39545,139,3617,5028,662,5214,34517,1069,31730,654,2283,14931,415,4048,16799,548,36201,0,0,0,548,6606,36201
"경기도","2014",3479,142927,241,8785,14,2834,397,227,3695,8388,98,2593,22,2402,528,76,2717,2065,151,3666,0,0,0,151,2428,3666,1005,55225,182,2954,5376,823,6057,49849,1225,39399,653,2330,15215,572,4228,24184,759,33259,0,0,0,759,4382,33259
"경기도","2015",3119,126761,207,8010,22,3024,665,185,3970,7345,95,2339,32,2421,775,63,2482,1564,144,3494,1,2177,22,143,2428,3472,817,44666,124,2930,3633,693,5921,41033,1148,37142,730,2533,18491,418,4462,18651,708,31110,0,0,0,708,4394,31110
"경기도","2016",2491,111546,105,4979,12,2685,322,93,5007,4657,64,1555,23,2364,544,41,2466,1011,158,4356,0,0,0,158,2757,4356,835,49103,153,2491,3811,682,6641,45292,840,31357,521,3180,16568,319,4636,14789,489,20196,0,0,0,489,4130,20196
"경기도","2017",2450,103450,96,4124,29,2434,702,68,5063,3422,64,1552,33,2355,789,30,2515,763,160,4048,3,2119,71,156,2542,3977,742,42008,157,3062,4821,585,6357,37187,1000,35061,673,3033,20425,327,4476,14636,387,16657,0,0,0,387,4303,16657
"경기도","2018",2789,99175,109,3511,27,4050,1101,82,2951,2410,83,1834,44,1966,859,39,2474,975,137,3355,4,2100,75,134,2456,3280,837,43522,141,3866,5435,696,5470,38087,1261,34605,858,3156,27070,404,1867,7535,362,12348,0,0,0,362,3409,12348
"경기도","2019",2719,125846,135,5870,61,4930,3021,73,3879,2849,95,2282,57,2342,1329,38,2485,953,114,3017,5,2066,112,109,2675,2905,993,59216,171,3015,5142,823,6574,54074,1067,41520,703,3511,24675,364,4627,16845,315,13941,0,0,0,315,4427,13941
"경기도","2020",2264,103957,166,6981,64,5035,3228,101,3699,3753,90,2101,49,2252,1103,41,2456,998,122,3219,7,2066,142,115,2669,3077,774,45340,151,3013,4538,623,6547,40802,844,34121,442,3510,15504,402,4631,18617,269,12195,0,0,0,269,4537,12195
"경기도","2021",2710,114600,276,11404,88,5035,4411,189,3705,6993,116,2731,54,2252,1210,62,2456,1521,169,4718,6,2066,131,162,2826,4587,641,33605,158,3028,4774,484,5961,28831,1019,39927,633,3520,22289,386,4568,17638,489,22215,0,0,0,489,4546,22215
"경기도","2022",2615,103082,294,8651,124,3901,4857,170,2235,3794,144,3400,62,2252,1394,82,2446,2006,165,4764,8,2066,159,157,2926,4605,616,31051,121,3302,3994,495,5468,27057,945,34792,626,3517,22014,319,4010,12778,451,20424,0,0,0,451,4527,20424
"강원도","2003",2779,134915,156,4173,125,2579,3224,31,3061,949,22,463,15,1966,295,7,2395,168,8,109,7,1224,86,1,2286,23,1144,65634,296,4380,12965,848,6211,52669,1093,38741,937,3411,31961,156,4346,6780,356,25795,4,6075,243,352,7259,25552
"강원도","2004",2936,147080,146,4311,109,2820,3074,37,3343,1237,17,352,16,1977,316,1,3600,36,21,328,17,1307,222,4,2657,106,1003,58942,268,4057,10873,735,6540,48069,1199,41920,1035,3389,35076,164,4173,6844,550,41227,7,6700,469,543,7506,40758
"강원도","2005",2980,142079,187,5742,91,2815,2562,96,3313,3180,17,348,16,1976,316,1,3152,32,58,891,50,1352,676,8,2683,215,988,52603,340,4322,14695,648,5850,37908,1091,42078,935,3774,35287,156,4353,6791,639,40417,28,6564,1838,611,6314,38579
"강원도","2006",3403,156499,58,1727,33,2414,797,25,3719,930,12,251,6,1947,117,6,2238,134,70,1688,5,1340,67,65,2494,1621,942,49236,349,4574,15963,593,5611,33273,1718,62084,1577,3575,56378,141,4047,5706,603,41513,25,5460,1365,578,6946,40148
"강원도","2007",3465,162148,73,3609,12,2886,346,61,5349,3263,18,361,15,1900,285,3,2549,76,79,1978,4,1348,54,75,2565,1924,790,43715,385,4562,17564,405,6457,26151,1616,54879,1474,3248,47876,142,4932,7003,889,57606,49,5004,2452,840,6566,55154
"강원도","2008",2944,133524,97,3671,55,2884,1586,42,4965,2085,2,46,1,1926,19,1,2714,27,44,1002,2,1409,28,42,2318,974,778,44692,355,4781,16973,423,6553,27719,1444,48901,1390,3325,46218,54,4969,2683,579,35212,9,4722,425,570,6103,34787
"강원도","2009",2978,140426,88,4312,4,2938,118,84,4993,4194,1,28,0,0,0,1,2822,28,35,666,20,1414,283,15,2553,383,701,40293,300,4684,14052,401,6544,26241,1483,52026,1335,3346,44669,148,4971,7357,670,43101,7,4629,324,663,6452,42777
"강원도","2010",2681,121063,76,3816,0,0,0,76,5021,3816,9,196,4,1768,71,5,2502,125,65,1426,9,1260,113,56,2344,1313,624,31055,303,4258,12902,321,5655,18153,1253,45003,1157,3548,41050,96,4118,3953,654,39567,0,0,0,654,6050,39567
"강원도","2011",2950,124522,81,3301,2,2748,55,79,4109,3246,5,114,3,1745,52,2,3101,62,54,1151,0,0,0,54,2131,1151,728,34210,415,4016,16666,313,5605,17544,1412,46008,1351,3234,43691,61,3798,2317,670,39738,0,0,0,670,5931,39738
"강원도","2012",3576,144617,109,4844,2,2871,57,107,4474,4787,7,164,7,2339,164,0,0,0,42,918,0,0,0,42,2185,918,691,35405,371,4430,16435,320,5928,18970,1900,51689,1771,2630,46577,129,3963,5112,827,51597,0,0,0,827,6239,51597
"강원도","2013",2563,112812,118,6327,3,2914,87,115,5426,6240,2,51,1,2158,22,1,2930,29,26,528,0,0,0,26,2031,528,541,29442,259,4431,11476,282,6371,17966,1207,34685,1095,2765,30277,112,3936,4408,669,41779,0,0,0,669,6245,41779
"강원도","2014",3005,164625,125,6209,6,2331,140,119,5100,6069,6,157,6,2610,157,0,0,0,16,318,0,0,0,16,1985,318,681,40331,346,3904,13508,335,8007,26823,1317,37828,1216,2789,33914,101,3875,3914,860,79782,0,0,0,860,9277,79782
"강원도","2015",3015,135360,189,9181,1,2498,25,188,4870,9156,1,21,1,2148,21,0,0,0,24,476,0,0,0,24,1985,476,646,32857,284,3817,10840,362,6082,22017,1201,29642,1136,2467,28025,65,2487,1617,954,63183,0,0,0,954,6623,63183
"강원도","2016",2751,125500,171,8853,17,2893,492,154,5429,8361,37,882,3,1408,42,34,2471,840,48,1018,1,1853,19,47,2125,999,782,38504,367,4643,17040,415,5172,21464,918,24218,852,2592,22084,66,3234,2134,795,52025,0,0,0,795,6544,52025
"강원도","2017",3303,137289,234,11928,25,2742,690,209,5388,11238,26,552,9,1384,123,17,2471,429,73,1460,3,1918,62,70,2011,1398,915,45918,452,4253,19214,464,5759,26704,1203,32623,1102,2652,29234,100,3374,3389,852,44808,0,0,0,852,5259,44808
"강원도","2018",3152,135346,215,10087,27,2445,659,188,5005,9428,19,429,4,1990,72,16,2290,357,45,889,3,1678,51,42,2003,838,772,34615,385,3849,14823,387,5117,19792,1040,26791,921,2607,24019,118,2341,2772,1061,62535,0,0,0,1061,5895,62535
"강원도","2019",3142,128812,233,11883,29,2831,830,204,5423,11053,26,583,6,1423,84,20,2512,499,65,1382,11,1847,211,54,2179,1171,805,37490,393,4352,17096,413,4942,20394,1090,28349,984,2516,24749,107,3379,3600,922,49125,0,0,0,922,5327,49125
"강원도","2020",3118,127978,207,10391,33,2831,947,174,5439,9444,28,564,12,1423,165,16,2512,399,78,1562,7,1308,92,71,2069,1470,905,41476,488,4241,20711,417,4981,20765,995,26252,908,2566,23288,87,3400,2964,906,47733,0,0,0,906,5270,47733
"강원도","2021",2997,122816,307,15844,39,2840,1112,268,5506,14732,13,228,9,1428,129,4,2494,99,32,627,3,1322,43,29,2036,584,715,32507,431,4246,18315,284,4997,14192,1044,27140,1013,2574,26082,31,3390,1058,885,46470,0,0,0,885,5248,46470
"강원도","2022",3107,131425,351,18247,42,2840,1187,309,5515,17060,18,338,11,1427,150,7,2570,188,33,704,4,1151,49,29,2247,655,723,34242,344,4309,14831,379,5121,19411,1048,27774,994,2598,25818,55,3580,1956,932,50120,0,0,0,932,5375,50120
"충청북도","2003",3429,116400,1797,63681,650,2414,15691,1147,4184,47990,38,747,23,1710,393,15,2361,354,170,2999,3,876,26,167,1780,2973,379,15178,246,3655,8991,133,4652,6187,846,21154,507,1883,9547,339,3424,11607,199,12641,2,4100,82,197,6375,12559
"충청북도","2004",3385,123739,1799,68611,490,2304,11290,1309,4379,57321,18,374,10,1647,165,8,2609,209,122,1832,14,956,134,108,1572,1698,408,17420,274,3691,10113,134,5453,7307,707,15867,533,2006,10692,174,2974,5175,331,19635,37,4089,1513,294,6164,18122
"충청북도","2005",3613,141582,1966,82219,439,2676,11748,1527,4615,70471,14,289,12,2011,241,2,2397,48,154,2496,12,1059,127,142,1668,2369,351,15499,227,3680,8354,124,5762,7145,756,18979,451,2107,9503,305,3107,9476,372,22100,5,4760,238,367,5957,21862
"충청북도","2006",3261,123641,1805,71627,432,2596,11215,1373,4400,60412,13,292,6,2160,130,7,2320,162,140,2252,19,1539,292,121,1620,1960,387,17081,274,3754,10286,113,6013,6795,673,18544,493,2448,12069,180,3597,6475,243,13845,1,4600,46,242,5702,13799
"충청북도","2007",2895,123530,1492,61416,271,2816,7631,1221,4405,53785,0,0,0,0,0,0,0,0,116,2055,12,1378,165,104,1817,1890,328,18671,149,4351,6483,179,6809,12188,658,22303,406,2869,11648,252,4228,10655,301,19085,3,4700,141,298,6357,18944
"충청북도","2008",3328,160293,1977,95709,295,2487,7337,1682,5254,88372,4,160,1,2074,21,3,4625,139,74,1274,25,1400,350,49,1886,924,417,28525,200,5081,10162,217,8462,18363,692,24334,443,2989,13241,249,4455,11093,164,10291,1,5000,50,163,6283,10241
"충청북도","2009",3518,174205,2226,106843,368,2673,9837,1858,5221,97006,10,238,3,1316,39,7,2841,199,85,1332,35,1460,511,50,1641,821,355,27142,141,5799,8177,214,8862,18965,666,23909,369,2596,9579,297,4825,14330,176,14741,2,3750,75,174,8429,14666
"충청북도","2010",2758,134807,1579,75880,225,2498,5621,1354,5189,70259,5,110,3,1768,53,2,2867,57,76,1115,24,1460,350,52,1472,765,213,17435,58,5635,3268,155,9140,14167,740,27848,310,2615,8107,430,4591,19741,145,12419,0,0,0,145,8565,12419
"충청북도","2011",3243,140859,1860,81679,269,2743,7379,1591,4670,74300,3,75,2,2279,46,1,2900,29,107,1809,33,1400,462,74,1820,1347,293,17055,163,4073,6639,130,8012,10416,773,27337,321,2498,8019,452,4274,19318,207,12904,0,0,0,207,6234,12904
"충청북도","2012",2876,134915,1756,84910,166,3115,5171,1590,5015,79739,4,96,3,2279,68,1,2780,28,106,2898,17,2601,442,89,2759,2456,193,10851,122,4212,5139,71,8045,5712,613,24385,271,3930,10650,342,4016,13735,204,11775,0,0,0,204,5772,11775
"충청북도","2013",2583,115462,1372,66041,168,3842,6455,1204,4949,59586,4,99,1,1591,16,3,2775,83,111,3315,4,2607,104,107,3001,3211,201,13187,117,5816,6805,84,7598,6382,727,25667,479,3070,14705,248,4420,10962,168,7153,0,0,0,168,4258,7153
"충청북도","2014",3318,131793,2010,73625,236,3775,8909,1774,3648,64716,2,50,1,2238,22,1,2800,28,124,3841,3,3000,90,121,3100,3751,195,11670,114,3930,4480,81,8877,7190,740,25379,383,2908,11138,357,3989,14241,247,17228,0,0,0,247,6975,17228
"충청북도","2015",3362,144237,1444,68185,181,3403,6159,1263,4911,62026,123,3326,2,1547,31,121,2723,3295,88,2735,8,3184,255,80,3100,2480,343,23660,147,4110,6042,196,8989,17618,1160,31068,565,2051,11588,595,3274,19480,204,15263,0,0,0,204,7482,15263
"충청북도","2016",4062,189816,2193,102782,201,3664,7365,1992,4790,95417,23,350,21,1412,297,2,2650,53,104,3086,1,2706,27,103,2970,3059,461,33309,171,2284,3906,290,10139,29403,986,29666,461,1381,6366,525,4438,23300,295,20623,0,0,0,295,6991,20623
"충청북도","2017",4121,191325,2391,104542,285,3393,9672,2106,4505,94870,3,50,2,1286,24,1,2798,26,120,2669,1,2883,25,119,2225,2644,523,42122,216,3584,7733,307,11193,34389,776,21098,378,1404,5309,398,3971,15789,309,20844,0,0,0,309,6753,20844
"충청북도","2018",4292,218721,2212,118331,261,3019,7867,1951,5661,110464,17,313,6,1200,73,11,2290,240,134,3925,0,0,0,134,2924,3925,568,31248,251,2559,6427,317,7828,24821,955,40009,285,1484,4237,670,5340,35772,406,24895,0,0,0,406,6131,24895
"충청북도","2019",4099,191872,2153,91447,290,3167,9174,1863,4415,82273,3,51,2,1207,23,1,2618,28,162,3920,1,6951,71,161,2397,3849,477,33935,165,3823,6308,312,8857,27627,903,38155,283,1655,4688,619,5403,33467,402,24364,0,0,0,402,6067,24364
"충청북도","2020",4174,170381,2213,69388,259,3167,8213,1953,3132,61175,6,121,4,1183,44,3,2756,77,173,4454,0,3728,14,173,2569,4440,512,36423,173,3641,6287,340,8869,30136,824,33959,295,1039,3068,529,5837,30891,445,26036,0,0,0,445,5849,26036
"충청북도","2021",3457,133536,1948,61357,157,3172,4965,1791,3148,56392,12,249,5,1183,60,7,2756,189,165,4260,1,3728,28,164,2578,4232,356,22253,178,3641,6475,179,8837,15778,528,20113,223,1024,2281,305,5839,17832,447,25304,0,0,0,447,5657,25304
"충청북도","2022",3424,140591,1856,58658,107,3172,3393,1749,3160,55265,14,89,6,1183,71,8,218,18,187,5423,2,3728,74,185,2896,5349,293,23566,81,3629,2945,212,9715,20621,699,30651,206,916,1887,493,5831,28764,375,22204,0,0,0,375,5924,22204
"충청남도","2003",9277,376309,4511,169802,395,2474,9772,4116,3888,160030,57,1259,41,2141,878,16,2382,381,2162,59842,40,1595,638,2122,2790,59204,988,70200,69,3193,2203,919,7399,67997,753,22472,335,2302,7712,418,3531,14760,806,52734,6,3833,230,800,6563,52504
"충청남도","2004",8829,388596,4423,201032,251,2420,6074,4172,4673,194958,41,847,35,1989,696,6,2520,151,1918,50681,47,1423,669,1871,2673,50012,782,49237,93,3469,3226,689,6678,46011,744,25143,334,2598,8677,410,4016,16466,921,61656,20,5680,1136,901,6717,60520
"충청남도","2005",9284,426783,4986,226872,157,2557,4014,4829,4615,222858,63,1486,41,2239,918,22,2581,568,1725,49012,41,1662,681,1684,2870,48331,677,50471,84,3856,3239,593,7965,47232,734,26486,257,2453,6304,477,4231,20182,1099,72456,30,5270,1581,1069,6630,70875
"충청남도","2006",9033,432679,4240,188586,127,2821,3583,4113,4498,185003,69,1798,18,2276,410,51,2721,1388,1646,47226,25,1777,444,1621,2886,46782,970,77869,55,4829,2656,915,8220,75213,887,35918,243,2500,6075,644,4634,29843,1221,81282,19,5074,964,1202,6682,80318
"충청남도","2007",8563,399279,4174,187917,77,2963,2282,4097,4531,185635,55,1330,24,2206,529,31,2584,801,1549,44922,11,1652,182,1538,2909,44740,743,57684,64,4778,3058,679,8045,54626,802,29299,395,2585,10211,407,4690,19088,1240,78127,18,4033,726,1222,6334,77401
"충청남도","2008",10411,515468,5338,241210,51,2936,1497,5287,4534,239713,37,904,27,2288,618,10,2863,286,1714,49835,9,1865,168,1705,2913,49667,763,66774,81,4091,3314,682,9305,63460,981,46646,398,2455,9771,583,6325,36875,1578,110099,3,3367,101,1575,6984,109998
"충청남도","2009",10080,459916,5164,229774,61,3156,1925,5103,4465,227849,35,977,20,2333,467,15,3401,510,1938,58723,6,2424,145,1932,3032,58578,614,53055,92,4221,3883,522,9420,49172,734,29910,230,2451,5637,504,4816,24273,1595,87477,60,2733,1640,1535,5592,85837
"충청남도","2010",8833,416603,3790,179001,22,2665,586,3768,4735,178415,18,558,5,2288,114,13,3413,444,2305,65893,3,2632,79,2302,2859,65814,822,72951,54,4421,2387,768,9188,70564,681,28174,244,2307,5629,437,5159,22545,1217,70026,0,0,0,1217,5754,70026
"충청남도","2011",8188,371532,3582,144593,33,2925,965,3549,4047,143628,17,493,5,2151,108,12,3206,385,1823,50155,20,2410,482,1803,2755,49673,866,73814,71,4309,3059,795,8900,70755,469,15343,242,2375,5748,227,4227,9595,1431,87134,0,0,0,1431,6089,87134
"충청남도","2012",8791,456859,3826,201968,16,3568,571,3810,5286,201397,36,982,25,1739,435,11,4973,547,2262,65446,58,3018,1750,2204,2890,63696,850,77344,93,4283,3983,757,9691,73361,525,23457,228,2703,6163,297,5823,17294,1292,87662,0,0,0,1292,6785,87662
"충청남도","2013",8845,440402,4142,219740,38,3380,1284,4104,5323,218456,16,467,6,1591,95,10,3715,372,2258,72045,53,2719,1441,2205,3202,70604,677,61578,83,4005,3324,594,9807,58254,561,25450,238,2590,6164,323,5971,19286,1191,61122,0,0,0,1191,5132,61122
"충청남도","2014",10712,507351,5049,234048,13,2911,378,5036,4640,233670,23,422,12,1440,173,11,2266,249,2579,79143,1,2448,24,2578,3069,79119,695,56533,56,4258,2384,639,8474,54149,813,27827,440,2902,12769,373,4037,15058,1553,109378,0,0,0,1553,7043,109378
"충청남도","2015",9884,467235,4883,228169,34,3775,1284,4849,4679,226885,12,280,4,1547,62,8,2723,218,1900,58281,5,2452,123,1895,3069,58158,856,67990,73,5162,3768,783,8202,64222,627,19704,247,2802,6921,380,3364,12783,1606,92811,0,0,0,1606,5779,92811
"충청남도","2016",7749,353129,3742,151058,55,2953,1624,3687,4053,149434,52,1218,13,1412,184,39,2650,1034,1249,33498,0,0,0,1249,2682,33498,914,74228,46,5313,2444,868,8270,71784,599,19972,269,2537,6825,330,3984,13147,1193,73155,0,0,0,1193,6132,73155
"충청남도","2017",5890,252616,2115,89142,50,2052,1016,2065,4267,88126,32,527,23,1286,302,8,2798,225,1173,32088,1,2185,16,1172,2736,32072,1069,56586,75,4633,3468,994,5342,53118,632,18706,243,2556,6218,389,3211,12488,869,55567,0,0,0,869,6394,55567
"충청남도","2018",6162,299700,2396,95588,12,3424,397,2385,3992,95191,26,690,18,2808,514,7,2399,176,1258,34732,0,3764,16,1257,2761,34716,1332,112934,106,4915,5186,1227,8784,107748,400,11152,195,2625,5116,206,2937,6036,750,44604,0,0,0,750,5951,44604
"충청남도","2019",6544,308057,2663,108158,17,4975,852,2646,4056,107306,23,667,15,3005,441,9,2618,226,1489,42873,2,6951,146,1487,2873,42727,1115,87086,90,4676,4221,1025,8084,82865,475,12568,214,2461,5274,261,2797,7294,778,56705,0,0,0,778,7286,56705
"충청남도","2020",6024,322543,2591,137618,15,5200,785,2576,5312,136833,68,2041,45,3133,1403,23,2756,638,1286,36582,6,1026,62,1280,2854,36520,965,81359,59,4709,2781,906,8671,78578,387,10333,269,2478,6663,118,3109,3670,727,54610,0,0,0,727,7507,54610
"충청남도","2021",6404,338751,2654,141115,40,6223,2489,2614,5303,138626,49,1631,25,3888,968,24,2756,663,1277,35901,7,1732,121,1270,2817,35780,873,69851,132,4696,6216,741,8591,63635,539,14198,370,2420,8948,169,3104,5250,1012,76055,0,0,0,1012,7518,76055
"충청남도","2022",5789,320477,2468,132088,26,5748,1489,2442,5347,130599,29,927,23,3908,915,5,218,12,1113,31313,8,1625,134,1105,2822,31179,727,66795,72,4694,3382,655,9684,63413,453,13073,273,2444,6674,180,3558,6399,999,76281,0,0,0,999,7634,76281
"전라북도","2003",4876,169344,3029,99096,1079,2566,27687,1950,3662,71409,297,8682,22,2015,443,275,2996,8239,582,15821,19,1664,316,563,2754,15505,330,19805,88,3836,3376,242,6789,16429,422,13509,205,2544,5215,217,3822,8294,216,12431,7,4600,322,209,5794,12109
"전라북도","2004",4917,213280,2841,101361,876,2430,21287,1965,4075,80074,225,6145,12,2218,266,213,2760,5879,549,15892,8,1723,138,541,2912,15754,368,35946,74,3871,2865,294,11252,33081,552,25144,259,2762,7154,293,6140,17990,382,28792,23,4604,1059,359,7725,27733
"전라북도","2005",4652,212354,2673,104632,868,3360,29165,1805,4181,75467,88,2388,9,2135,192,79,2780,2196,557,15668,4,1824,73,553,2820,15595,332,27540,98,4258,4173,234,9986,23367,516,26073,228,3714,8468,288,6113,17605,486,36053,9,4789,431,477,7468,35622
"전라북도","2006",4369,185513,2480,91932,714,3118,22263,1766,3945,69669,88,2173,20,1775,355,68,2673,1818,628,17101,49,1826,895,579,2799,16206,388,31822,83,3886,3225,305,9376,28597,440,19031,266,3204,8523,174,6039,10508,345,23454,2,7000,140,343,6797,23314
"전라북도","2007",4362,195124,2379,94812,588,3021,17763,1791,4302,77049,36,942,11,2000,220,25,2888,722,704,19345,34,1800,612,670,2796,18733,313,25481,54,3972,2145,259,9010,23336,435,17998,241,2919,7035,194,5651,10963,495,36546,0,0,0,495,7383,36546
"전라북도","2008",4395,190091,2671,109518,700,3000,21000,1971,4491,88518,40,1052,20,2090,418,20,3172,634,717,20427,1,1410,14,716,2851,20413,256,19646,36,4242,1527,220,8236,18119,365,14301,212,2929,6209,153,5289,8092,346,25147,1,4500,45,345,7276,25102
"전라북도","2009",4708,213431,3069,126069,867,3574,30987,2202,4318,95082,79,1976,16,2336,374,63,2543,1602,511,17051,5,2390,120,506,3346,16931,282,24658,20,4313,863,262,9082,23795,502,24862,187,2870,5367,315,6189,19495,265,18815,0,0,0,265,7100,18815
"전라북도","2010",3764,155730,2512,95891,598,3047,18221,1914,4058,77670,24,547,4,2300,92,20,2274,455,497,15622,1,2294,23,496,3145,15599,217,18039,24,4614,1107,193,8773,16932,358,15188,184,2881,5301,174,5682,9887,156,10443,0,0,0,156,6694,10443
"전라북도","2011",3699,158489,2221,86117,626,3300,20658,1595,4104,65459,18,438,4,2377,95,14,2450,343,554,17161,2,2450,49,552,3100,17112,264,19950,55,4600,2530,209,8335,17420,355,14828,208,3100,6448,147,5701,8380,287,19995,0,0,0,287,6967,19995
"전라북도","2012",3704,150126,2195,81246,544,3120,16973,1651,3893,64273,16,381,5,2200,110,11,2460,271,595,17715,1,2646,26,594,2978,17689,193,14499,32,4455,1426,161,8120,13073,360,14222,213,3080,6560,147,5212,7662,345,22063,0,0,0,345,6395,22063
"전라북도","2013",3581,158958,2153,91271,646,3792,24496,1507,4431,66775,34,739,12,2267,272,22,2122,467,631,25939,1,3298,33,630,4112,25906,195,14596,49,3056,1497,146,8972,13099,349,11806,244,2832,6910,105,4663,4896,219,14607,0,0,0,219,6670,14607
"전라북도","2014",4246,186785,2592,105210,705,3853,27164,1887,4136,78046,53,1088,23,2200,506,30,1940,582,567,21847,0,0,0,567,3853,21847,153,11636,49,5694,2790,104,8506,8846,410,15979,231,2985,6895,179,5075,9084,471,31025,0,0,0,471,6587,31025
"전라북도","2015",4363,198596,2390,91560,806,3426,27614,1584,4037,63946,54,861,29,1547,449,25,1647,412,586,22579,0,0,0,586,3853,22579,254,18474,36,4955,1784,218,7656,16690,646,28014,328,3323,10899,318,5382,17115,433,37108,0,0,0,433,8570,37108
"전라북도","2016",3632,159585,1826,81194,646,5043,32578,1180,4120,48616,17,250,14,1412,198,3,1732,52,768,22416,4,2867,115,764,2919,22301,355,26194,37,5243,1940,318,7627,24254,328,9954,171,2754,4709,157,3341,5245,338,19577,0,0,0,338,5792,19577
"전라북도","2017",3559,146286,1847,70843,671,4013,26924,1177,3733,43919,10,166,4,1650,73,6,1681,93,708,19589,28,2462,697,680,2780,18892,251,18770,59,5961,3500,192,7957,15270,384,15627,208,3663,7620,176,4561,8007,359,21291,0,0,0,359,5930,21291
"전라북도","2018",3517,183804,1714,70922,521,3971,20690,1193,4209,50232,20,516,13,2808,373,7,2104,143,557,17508,2,3247,54,555,3143,17454,331,28182,108,8821,9517,223,8378,18665,438,24012,218,5270,11478,220,5688,12534,457,42664,0,0,0,457,9339,42664
"전라북도","2019",3773,177155,1974,85244,600,3853,23102,1374,4523,62142,21,391,10,1500,144,12,2104,247,612,16774,1,309,3,611,2747,16771,282,29585,24,6761,1616,258,10832,27969,402,17880,223,4771,10657,179,4046,7223,483,27281,0,0,0,483,5651,27281
"전라북도","2020",3940,176802,2235,93305,823,3628,29850,1412,4493,63455,6,73,6,1183,66,0,2103,7,594,18510,1,3343,22,593,3116,18488,197,17786,60,6342,3804,137,10239,13982,413,18567,193,4930,9531,220,4112,9036,495,28561,0,0,0,495,5770,28561
"전라북도","2021",4102,203665,2334,102166,661,3960,26179,1673,4543,75987,26,395,25,1477,363,2,2103,32,454,14139,0,3079,4,454,3114,14135,376,36802,39,6021,2355,337,10235,34447,220,10020,168,4764,8017,52,3839,2003,692,40143,0,0,0,692,5804,40143
"전라북도","2022",4185,201761,2399,104818,745,3972,29583,1654,4549,75235,36,1379,34,3908,1341,2,2103,38,463,14488,2,3343,80,460,3130,14408,275,27585,13,6021,768,262,10241,26817,308,12760,210,4340,9132,98,3715,3628,705,40731,0,0,0,705,5775,40731
"전라남도","2003",6297,301489,2364,75378,1037,2488,25801,1327,3736,49577,159,5218,22,2681,590,137,3378,4628,1035,29166,33,1541,509,1002,2860,28657,1034,108846,93,3501,3256,941,11221,105590,1070,35256,787,2794,21989,283,4688,13267,635,47625,0,0,0,635,7500,47625
"전라남도","2004",5617,263735,1632,53151,427,1975,8433,1205,3711,44718,130,3394,27,2175,587,103,2725,2807,1097,30857,11,1611,177,1086,2825,30680,787,83886,81,4670,3783,706,11346,80103,1301,46351,969,2864,27752,332,5602,18599,670,46096,1,5500,55,669,6882,46041
"전라남도","2005",5831,273238,1871,65378,513,2121,10881,1358,4013,54497,92,1994,63,1957,1233,29,2625,761,894,25542,5,1623,81,889,2864,25461,895,81218,95,5290,5026,800,9524,76192,1337,44994,947,2578,24414,390,5277,20580,742,54112,4,5775,231,738,7301,53881
"전라남도","2006",5930,262621,1849,66117,684,2804,19179,1165,4029,46938,103,2387,62,2087,1294,41,2666,1093,960,26244,37,1280,474,923,2792,25770,540,45535,89,5009,4458,451,9108,41077,1354,38973,1148,2393,27472,206,5583,11501,1124,83365,12,4992,599,1112,7443,82766
"전라남도","2007",5734,253144,1664,52739,557,2095,11669,1107,3710,41070,72,1881,25,2336,584,47,2760,1297,777,21225,68,1227,834,709,2876,20391,471,42836,36,4897,1763,435,9442,41073,1642,51108,1309,2465,32267,333,5658,18841,1108,83355,0,0,0,1108,7523,83355
"전라남도","2008",5107,224879,1427,44162,693,2120,14692,734,4015,29470,48,1241,16,2033,325,32,2863,916,633,18542,6,1380,83,627,2944,18459,601,48637,74,4495,3326,527,8598,45311,1507,42531,1314,2473,32495,193,5200,10036,891,69766,1,4300,43,890,7834,69723
"전라남도","2009",4885,211195,1209,34834,461,1947,8976,748,3457,25858,94,2222,18,2167,390,76,2410,1832,754,23212,1,2041,20,753,3080,23192,421,34486,30,4820,1446,391,8450,33040,1505,46901,1173,2275,26686,332,6089,20215,902,69540,3,4867,146,899,7719,69394
"전라남도","2010",4632,189084,953,28419,243,2094,5088,710,3286,23331,39,825,22,1949,429,17,2329,396,1211,36669,0,0,0,1211,3028,36669,262,22748,24,4700,1128,238,9084,21620,1327,40691,1079,2314,24968,248,6340,15723,840,59732,0,0,0,840,7111,59732
"전라남도","2011",4044,172451,850,23882,249,1988,4950,601,3150,18932,44,947,19,1921,365,25,2326,582,755,20900,9,2450,221,746,2772,20679,218,18572,15,4002,600,203,8853,17972,1342,47562,1088,3059,33282,254,5622,14280,835,60588,0,0,0,835,7256,60588
"전라남도","2012",4691,201170,856,29244,309,3139,9700,547,3573,19544,26,566,11,1975,217,15,2324,349,753,21112,6,2646,159,747,2805,20953,162,12455,43,4125,1774,119,8976,10681,1969,65708,1742,2985,51999,227,6039,13709,925,72085,0,0,0,925,7793,72085
"전라남도","2013",4826,242864,780,27096,229,3197,7321,551,3589,19775,33,699,16,1920,307,17,2306,392,707,20443,1,3298,33,706,2891,20410,159,13975,13,4098,533,146,9207,13442,2093,88342,1824,3989,72759,269,5793,15583,1054,92309,0,0,0,1054,8758,92309
"전라남도","2014",4743,245739,874,29310,354,3121,11048,520,3512,18262,31,654,15,1905,286,16,2300,368,548,15866,8,3255,260,540,2890,15606,255,22745,14,4095,573,241,9200,22172,1998,86426,1574,3950,62173,424,5720,24253,1037,90738,0,0,0,1037,8750,90738
"전라남도","2015",4722,233299,732,26453,222,3450,7659,510,3685,18794,19,364,9,1547,139,10,2250,225,639,18466,1,2785,28,638,2890,18438,167,14920,2,4280,86,165,8990,14834,2226,92811,1812,3790,68675,414,5830,24136,939,80285,0,0,0,939,8550,80285
"전라남도","2016",4856,205740,587,29130,146,4012,5858,441,5277,23272,59,833,59,1412,833,0,0,0,887,25594,23,2867,659,864,2886,24935,243,20418,1,4907,49,242,8417,20369,1980,69287,1638,2843,46568,342,6643,22719,1100,60478,0,0,0,1100,5498,60478
"전라남도","2017",4123,188509,657,25983,265,3337,8836,392,4377,17147,29,551,14,1650,228,15,2181,323,826,24329,27,2867,778,799,2947,23551,203,18871,15,5656,876,188,9580,17995,1464,57379,1143,3284,37523,321,6184,19856,945,61396,0,0,0,945,6498,61396
"전라남도","2018",4417,188402,621,21374,196,1962,3853,424,4130,17521,23,728,20,2808,571,3,5028,157,831,26361,12,3247,376,819,3172,25985,325,27748,8,8161,645,318,8535,27103,1653,60156,1332,2946,39251,321,6521,20905,964,52035,0,0,0,964,5398,52035
"전라남도","2019",4557,196166,531,21658,203,3798,7719,328,4254,13939,20,502,14,1500,214,6,5028,288,761,22195,2,3343,58,759,2915,22137,237,23340,4,6088,263,233,9899,23077,2100,69122,1679,2595,43572,421,6075,25550,908,59349,0,0,0,908,6538,59349
"전라남도","2020",4801,200339,556,22856,128,3803,4886,427,4207,17970,26,484,21,1183,246,5,5028,238,683,19047,15,3343,517,667,2777,18530,284,28068,10,6088,636,274,10013,27432,2382,74785,2010,2643,53135,372,5825,21650,871,55099,0,0,0,871,6327,55099
"전라남도","2021",3517,125839,644,24447,195,3705,7226,449,3835,17221,17,374,14,1477,203,3,5028,171,657,17775,2,3079,74,654,2705,17701,90,8243,16,6088,976,74,9876,7267,1466,33804,1263,1764,22278,204,5663,11526,643,41196,0,0,0,643,6405,41196
"전라남도","2022",3334,140360,553,24098,151,5609,8479,402,3888,15619,26,1072,23,3908,904,3,5028,168,652,17904,3,3343,116,648,2743,17788,204,19173,18,6046,1071,186,9724,18102,1360,45586,1093,2710,29623,267,5974,15963,538,32527,0,0,0,538,6043,32527
"경상북도","2003",12456,434339,3275,97504,1642,2507,41165,1633,3450,56339,5995,189614,9,3078,277,5986,3163,189337,776,22124,26,3169,824,750,2840,21300,728,65817,144,3930,5659,584,10301,60158,1179,26698,971,2078,20177,208,3135,6521,503,32582,23,4400,1012,480,6577,31570
"경상북도","2004",11869,480524,2744,112311,1305,4523,59025,1439,3703,53286,5780,205176,6,3321,199,5774,3550,204977,668,17822,13,751,98,655,2706,17724,634,60079,153,6792,10392,481,10330,49687,1304,32091,980,1965,19257,324,3961,12834,739,53045,24,4050,972,715,7283,52073
"경상북도","2005",11888,456541,2833,112354,1361,3822,52017,1472,4099,60337,5755,169826,10,3482,348,5745,2950,169478,636,17036,17,1391,236,619,2714,16800,673,57884,175,4258,7452,498,10127,50432,1210,53211,1001,4627,46316,209,3299,6895,781,46230,34,4585,1559,747,5980,44671
"경상북도","2006",11769,445209,2945,102675,1213,2696,32702,1732,4040,69973,5623,188646,2,3055,61,5621,3355,188585,492,14179,14,2605,365,478,2890,13814,559,48776,130,4530,5889,429,9997,42887,1244,32669,960,2093,20093,284,4428,12576,906,58264,44,4118,1812,862,6549,56452
"경상북도","2007",12283,446316,2994,105456,1273,3044,38750,1721,3876,66706,5530,180831,0,0,0,5530,3270,180831,530,15070,16,2376,380,514,2858,14690,555,41207,132,3581,4727,423,8624,36480,1633,37709,1375,2161,29714,258,3099,7995,1041,66043,39,4705,1835,1002,6408,64208
"경상북도","2008",12364,493041,3204,123243,1278,3347,42775,1926,4178,80468,5731,197416,3,2850,86,5728,3445,197330,433,13332,20,2169,434,413,3123,12898,819,62053,253,3871,9794,566,9233,52259,1187,31958,821,2249,18464,366,3687,13494,990,65039,10,4670,467,980,6589,64572
"경상북도","2009",12237,488181,3131,123118,1328,3323,44129,1803,4381,78989,5635,198170,9,2739,247,5626,3518,197923,363,10720,19,2360,448,344,2986,10272,796,67727,147,4241,6234,649,9475,61493,1610,44794,1170,2263,26477,440,4163,18317,702,43652,55,3104,1707,647,6483,41945
"경상북도","2010",11042,446961,2435,96759,893,3329,29728,1542,4347,67031,5393,186028,3,2418,73,5390,3450,185955,338,8999,29,2625,761,309,2666,8238,632,58634,69,4484,3094,563,9865,55540,1555,43274,1063,2121,22546,492,4213,20728,689,53267,0,0,0,689,7731,53267
"경상북도","2011",10576,394530,2411,86400,1150,3105,35708,1261,4020,50692,5149,161622,1,2605,26,5148,3139,161596,255,7002,2,2498,50,253,2748,6952,610,57451,64,4984,3190,546,9938,54261,1580,39807,1203,2016,24252,377,4126,15555,571,42248,0,0,0,571,7399,42248
"경상북도","2012",10573,400435,2329,85886,1061,3208,34037,1268,4089,51849,5054,165767,32,2480,794,5022,3285,164973,270,7724,1,1728,17,269,2865,7707,581,49981,103,4002,4122,478,9594,45859,1721,43306,1315,2087,27444,406,3907,15862,618,47771,0,0,0,618,7730,47771
"경상북도","2013",10512,402086,2288,97098,1142,3214,36704,1146,5270,60394,4848,159540,1,2501,25,4847,3291,159515,390,11938,1,2283,23,389,3063,11915,561,46624,106,4490,4759,455,9201,41865,1816,46040,1406,2074,29160,410,4117,16880,609,40846,0,0,0,609,6707,40846
"경상북도","2014",10068,356272,2249,80437,1182,2752,32529,1067,4490,47908,4785,140121,31,2826,876,4754,2929,139245,463,13986,13,1971,256,450,3051,13730,562,42008,62,3875,2403,500,7921,39605,1403,39512,1142,2522,28801,261,4104,10711,606,40208,0,0,0,606,6635,40208
"경상북도","2015",10065,362747,1997,79060,1101,3189,35111,896,4905,43949,4652,141119,13,2499,325,4639,3035,140794,506,15317,15,2248,337,491,3051,14980,518,35773,103,3658,3768,415,7712,32005,1860,52695,1440,2397,34517,420,4328,18178,532,38783,0,0,0,532,7290,38783
"경상북도","2016",9320,352115,1467,58484,905,3240,29322,562,5189,29162,4398,140502,24,2227,534,4374,3200,139968,348,10596,9,3376,304,339,3036,10292,781,64626,60,4511,2707,721,8588,61919,1776,44758,1387,2155,29890,389,3822,14868,550,33149,0,0,0,550,6027,33149
"경상북도","2017",8467,405234,1754,67977,1131,3446,38971,623,4658,29006,3126,155622,3,2286,66,3124,4980,155556,380,12064,3,2980,86,377,3176,11978,871,92708,102,3905,3979,769,11533,88729,1742,41048,1503,2136,32103,240,3735,8945,593,35815,0,0,0,593,6038,35815
"경상북도","2018",7831,344399,1454,53649,988,3366,33259,466,4375,20390,3180,117702,2,2228,56,3177,3703,117646,325,9828,7,2349,159,318,3043,9669,663,80469,101,4141,4170,563,13564,76299,1725,46832,1478,2476,36596,247,4150,10236,485,35919,0,0,0,485,7406,35919
"경상북도","2019",7934,340476,1495,47975,1060,2843,30131,435,4101,17844,3201,137056,5,1207,61,3196,4287,136995,352,14583,2,1411,24,350,4154,14559,628,64938,78,4017,3142,550,11237,61796,1753,44614,1559,2401,37439,194,3699,7175,505,31310,0,0,0,505,6203,31310
"경상북도","2020",7120,304043,1271,40444,883,2734,24135,388,4205,16309,3149,135608,9,1423,128,3140,4315,135480,347,13916,3,1214,31,344,4033,13885,683,57602,86,3876,3334,597,9093,54268,1315,34371,1064,2482,26398,251,3174,7973,356,22102,0,0,0,356,6211,22102
"경상북도","2021",8490,366350,1360,49363,785,3160,24814,574,4274,24549,4201,187912,13,1428,192,4187,4483,187720,711,27652,15,1122,168,696,3951,27484,504,43265,59,3844,2257,446,9201,41008,1274,32205,1123,2440,27390,151,3187,4815,441,25953,0,0,0,441,5890,25953
"경상북도","2022",8313,364278,1476,50669,947,2976,28171,530,4247,22498,4234,188301,7,1183,85,4227,4453,188216,474,14959,13,1122,145,461,3214,14814,546,50494,63,3942,2496,482,9950,47998,1017,25326,859,2300,19764,158,3530,5562,566,34529,0,0,0,566,6101,34529
"경상남도","2003",11935,418388,6806,225348,15,2868,430,6791,3312,224918,718,23542,1,1667,17,717,3281,23525,2397,68415,27,2344,633,2370,2860,67782,321,20955,24,3198,768,297,6797,20187,1281,51496,398,2520,10030,883,4696,41466,412,28632,8,1425,114,404,7059,28518
"경상남도","2004",12369,459737,6737,243181,3,2802,84,6734,3610,243097,606,14962,0,0,0,606,2469,14962,2592,77485,9,2244,202,2583,2992,77283,355,20535,14,3195,447,341,5891,20088,1334,52282,489,2608,12753,845,4678,39529,745,51292,19,2942,559,726,6988,50733
"경상남도","2005",12966,508788,7349,267972,15,2852,428,7334,3648,267544,506,11093,1,1757,18,505,2193,11075,2624,83830,14,2214,310,2610,3200,83520,322,30523,7,3232,226,315,9618,30297,1356,57692,411,2782,11434,945,4895,46258,809,57678,12,2650,318,797,7197,57360
"경상남도","2006",11335,452512,6139,223280,18,2985,537,6121,3639,222743,336,9360,1,2412,24,335,2787,9336,2540,90309,1,2235,22,2539,3556,90287,547,39869,13,4150,540,534,7365,39329,1132,49321,450,2858,12861,682,5346,36460,641,40373,18,5550,999,623,6320,39374
"경상남도","2007",10068,422528,5148,202055,32,2635,843,5116,3933,201212,162,4944,1,2247,22,161,3057,4922,2566,91786,0,0,0,2566,3577,91786,357,30154,10,4160,416,347,8570,29738,1135,48156,492,2754,13550,643,5382,34606,700,45433,26,3700,962,674,6598,44471
"경상남도","2008",9509,404980,5142,211719,20,2695,539,5122,4123,211180,67,1737,5,2250,113,62,2620,1624,2346,78990,0,0,0,2346,3367,78990,371,27261,13,4763,619,358,7442,26642,1226,58163,425,2756,11713,801,5799,46450,357,27110,13,3592,467,344,7745,26643
"경상남도","2009",9192,396764,4934,198549,29,2685,779,4905,4032,197770,188,4761,2,1740,35,186,2541,4726,2278,84172,0,0,0,2278,3695,84172,313,26018,4,4241,170,309,8365,25848,993,49101,324,2642,8560,669,6060,40541,486,34163,7,2614,183,479,7094,33980
"경상남도","2010",8597,382182,4394,182711,14,4222,591,4380,4158,182120,156,3641,0,0,0,156,2334,3641,2255,95973,0,0,0,2255,4256,95973,262,22442,8,4843,387,254,8683,22055,1101,47162,338,2190,7402,763,5211,39760,429,30253,0,0,0,429,7052,30253
"경상남도","2011",8201,359789,3989,163024,15,4305,646,3974,4086,162378,112,2453,3,1200,36,109,2217,2417,2015,67531,1,2150,22,2014,3352,67509,288,26897,14,3592,503,274,9633,26394,1220,59361,316,2510,7932,904,5689,51429,577,40523,0,0,0,577,7023,40523
"경상남도","2012",7731,341808,3481,134883,12,2961,355,3469,3878,134528,88,1568,3,1191,36,85,1802,1532,2166,71440,1,1728,17,2165,3299,71423,290,27040,12,3195,383,278,9589,26657,979,44544,291,2564,7461,688,5390,37083,727,62333,0,0,0,727,8574,62333
"경상남도","2013",7622,314131,3387,133590,11,2786,306,3376,3948,133284,91,1345,3,2408,72,88,1447,1273,2383,73605,14,2031,284,2369,3095,73321,221,19178,18,2933,528,203,9187,18650,894,39701,264,2314,6109,630,5332,33592,646,46712,0,0,0,646,7231,46712
"경상남도","2014",7490,315785,3201,124968,21,3453,725,3180,3907,124243,143,2347,1,2238,22,142,1637,2325,2230,66276,0,0,0,2230,2972,66276,249,22889,14,3157,442,235,9552,22447,1078,55324,281,2424,6811,797,6087,48513,589,43981,0,0,0,589,7467,43981
"경상남도","2015",7174,287869,3013,109564,17,3879,659,2996,3635,108905,123,1847,1,2282,23,122,1495,1824,2280,67762,0,0,0,2280,2972,67762,217,17516,13,3190,415,204,8383,17101,948,52783,254,2297,5834,694,6765,46949,593,38397,0,0,0,593,6475,38397
"경상남도","2016",7072,322638,2876,116399,55,3547,1951,2821,4057,114448,95,1540,4,2227,89,91,1594,1451,2181,85110,11,3376,371,2170,3905,84739,161,13175,14,3358,470,147,8643,12705,1074,54977,446,2328,10383,628,7101,44594,685,51437,0,0,0,685,7509,51437
"경상남도","2017",7179,348527,2840,107096,13,2924,394,2827,3775,106702,90,1351,3,2286,72,87,1471,1279,2195,105018,1,2980,23,2194,4786,104995,128,12207,20,3224,634,108,10673,11573,1301,75306,433,2239,9692,868,7557,65614,625,47549,0,0,0,625,7613,47549
"경상남도","2018",7041,282023,2460,79862,18,2670,489,2441,3251,79373,36,581,6,915,56,30,1764,525,2585,82400,6,3240,183,2580,3187,82217,193,16148,8,3237,268,185,8582,15880,1010,46954,363,2471,8964,647,5872,37990,757,56078,0,0,0,757,7410,56078
"경상남도","2019",6815,333907,2010,75079,29,2939,849,1981,3747,74230,30,432,9,1500,137,21,1422,295,2746,124754,2,3684,66,2744,4544,124688,171,16487,10,3331,347,160,10073,16140,1229,69445,382,2373,9056,848,7123,60389,629,47710,0,0,0,629,7580,47710
"경상남도","2020",5982,251532,1622,60367,27,3007,823,1595,3733,59544,14,197,9,1423,133,5,1422,64,2252,62146,2,3670,78,2250,2759,62068,152,14410,12,3330,397,140,10027,14013,1316,67618,546,2405,13128,770,7078,54490,626,46794,0,0,0,626,7470,46794
"경상남도","2021",5775,219920,1672,62659,33,3007,979,1639,3763,61680,94,1350,15,1477,222,79,1422,1128,2496,68698,5,3780,171,2491,2751,68527,162,14707,25,4049,1016,137,10009,13691,848,36247,506,2403,12150,342,7042,24097,504,36259,0,0,0,504,7194,36259
"경상남도","2022",6014,223415,1870,70893,41,2949,1219,1828,3811,69674,58,777,9,1183,108,48,1381,669,2496,64886,2,3800,84,2493,2599,64802,76,6015,20,4123,836,55,9377,5179,977,40167,599,2288,13699,378,6994,26468,538,40677,0,0,0,538,7556,40677
"제주도","2003",622,16002,334,9459,333,2831,9427,1,3187,32,40,616,40,1540,616,0,0,0,109,829,109,761,829,0,0,0,22,912,6,3500,210,16,4387,702,95,2654,95,2794,2654,0,0,0,22,1532,0,0,0,22,6964,1532
"제주도","2004",838,22407,421,12563,421,2984,12563,0,0,0,75,1193,75,1590,1193,0,0,0,101,1844,65,1203,782,36,2950,1062,41,2557,3,3475,104,38,6454,2453,185,3297,184,1789,3292,1,535,5,15,953,0,0,0,15,6353,953
"제주도","2005",1022,33331,318,10281,318,3233,10281,0,0,0,96,1990,95,2042,1940,1,5000,50,75,1607,49,1350,662,26,3636,945,70,3762,19,3349,636,51,6130,3126,374,7267,374,1943,7267,0,0,0,89,8424,4,4725,189,85,9688,8235
"제주도","2006",977,20786,315,7947,314,2523,7922,1,2536,25,61,1227,60,2000,1200,1,2666,27,179,2399,153,1349,2064,26,1287,335,22,1314,5,3000,150,17,6845,1164,361,5787,361,1603,5787,0,0,0,39,2112,5,3500,175,34,5697,1937
"제주도","2007",1162,24635,329,8241,329,2505,8241,0,0,0,49,980,49,2000,980,0,0,0,181,2468,153,1300,1989,28,1711,479,23,1397,3,3000,90,20,6533,1307,565,9040,565,1600,9040,0,0,0,15,2509,0,0,0,15,16727,2509
"제주도","2008",958,16879,252,4549,251,1800,4518,1,3067,31,51,869,51,1703,869,0,0,0,236,3722,197,1300,2561,39,2976,1161,11,684,1,3000,30,10,6539,654,395,6320,395,1600,6320,0,0,0,13,735,0,0,0,13,5654,735
"제주도","2009",846,15129,285,5259,277,1800,4986,8,3412,273,11,176,11,1600,176,0,0,0,134,2645,95,1400,1330,39,3373,1315,11,341,11,3100,341,0,0,0,390,5850,390,1500,5850,0,0,0,15,858,0,0,0,15,5720,858
"제주도","2010",730,14124,201,4082,201,2031,4082,0,0,0,30,480,30,1600,480,0,0,0,132,2276,101,1237,1249,31,3313,1027,13,583,3,4700,141,10,4420,442,324,4743,324,1464,4743,0,0,0,30,1960,0,0,0,30,6534,1960
"제주도","2011",674,16792,273,7390,265,2680,7102,8,3595,288,35,562,35,1605,562,0,0,0,86,1457,55,1250,688,31,2480,769,13,693,9,4002,360,4,8328,333,252,5716,248,2214,5491,4,5622,225,15,974,0,0,0,15,6491,974
"제주도","2012",1089,20424,264,7146,264,2707,7146,0,0,0,56,913,56,1630,913,0,0,0,83,1253,52,1203,626,31,2024,627,4,251,2,4125,83,2,8380,168,667,9874,657,1411,9270,10,6039,604,15,987,0,0,0,15,6581,987
"제주도","2013",894,33893,326,19593,326,6010,19593,0,0,0,68,1163,68,1710,1163,0,0,0,49,898,10,1095,110,39,2021,788,11,603,1,303,3,10,5998,600,410,9471,410,2310,9471,0,0,0,30,2165,0,0,0,30,7217,2165
"제주도","2014",879,33225,310,17198,303,5595,16953,7,3500,245,14,224,14,1600,224,0,0,0,52,1003,25,1509,377,27,2319,626,15,932,3,3800,114,12,6816,818,444,10766,438,2391,10473,6,4876,293,44,3102,0,0,0,44,7051,3102
"제주도","2015",1003,29483,206,10197,206,4950,10197,0,0,0,31,481,31,1552,481,0,0,0,142,2711,67,1450,972,75,2319,1739,9,528,0,0,0,9,5865,528,576,12996,575,2250,12938,1,5830,58,39,2570,0,0,0,39,6590,2570
"제주도","2016",672,19919,166,5587,155,3230,5007,11,5277,580,21,306,21,1455,306,0,0,0,139,2542,84,1210,1016,55,2775,1526,49,3118,9,4907,442,40,6691,2676,249,5334,234,1854,4338,15,6643,996,48,3032,0,0,0,48,6317,3032
"제주도","2017",738,19630,181,4220,180,2330,4194,1,3643,26,21,305,21,1477,304,0,2181,1,101,1893,55,1220,669,47,2625,1224,45,2272,3,5656,191,41,5044,2081,304,5697,304,1872,5690,0,6184,7,86,5243,0,0,0,86,6088,5243
"제주도","2018",879,25158,261,7331,247,2795,6903,14,3057,428,14,245,14,1519,205,1,5028,40,72,1082,55,1220,673,17,2471,409,73,3775,8,8161,679,65,4777,3096,388,8661,388,2228,8647,0,6521,14,71,4064,0,0,0,71,5745,4064
"제주도","2019",978,26145,310,7618,276,2391,6610,34,3009,1008,15,219,15,1477,219,0,5028,0,25,519,9,1204,107,16,2606,412,56,3012,37,6088,2273,19,3889,739,528,11236,528,2128,11233,0,6075,3,44,3541,0,0,0,44,8035,3541
"제주도","2020",1274,31016,345,8327,309,2397,7414,35,2572,913,11,158,11,1477,158,0,0,0,30,712,4,1204,52,26,2575,660,53,2215,7,6088,413,46,3936,1802,792,16341,792,2063,16341,0,0,0,43,3263,0,0,0,43,7504,3263
"제주도","2021",1288,31515,149,3579,138,2397,3305,11,2499,274,32,478,32,1477,478,0,0,0,70,1842,0,1204,4,70,2629,1838,67,2696,4,6088,227,63,3915,2469,918,19148,914,2067,18887,5,5663,261,51,3772,0,0,0,51,7372,3772
"제주도","2022",1487,34839,142,3414,133,2397,3186,9,2499,228,17,249,17,1477,249,0,0,0,69,1752,6,1210,71,64,2646,1681,66,2688,4,6046,238,63,3919,2450,1156,24022,1152,2067,23815,3,5974,207,37,2714,0,0,0,37,7368,2714
